Department,queryText,queryId
Baskent Universitesi Organizasyonu,OG=(Baskent University),W3sidCI6Ik9HPShCYXNrZW50IFVuaXZlcnNpdHkpIn1d
Baskent Universitesi,AD =((Baskent Univ OR Basket Univ OR Univ Baskent) NOT (Baskent OSB OR Baskent Meslek Yuksekokulu OR Baskent Vocat)),W3sidCI6IkFEID0oKEJhc2tlbnQgVW5pdiBPUiBVbml2IEJhc2tlbnQgT1IgQmFza2V0IFVuaXYpIE5PVCAoQmFza2VudCBPU0IgT1IgQmFza2VudCBNZXNsZWsgWXVrc2Vrb2t1bHUgT1IgQmFza2VudCBWb2NhdCkpICJ9XQ
Baskent Universitesi Tıp Fakültesi,((AD=((baskent univ  OR Univ Baskent)  SAME (Tip Fak  OR Med*  OR Fac Med  OR Tip* )) OR AD=((baskent univ  OR Univ Baskent) SAME ((Kardiyol*  OR Pathol*  OR Patol*  OR Pulm*  OR Cardiol*  OR (Radiol*  NOT Dentomaxillofacial  NOT Maxillofacial NOT Dent )  OR Orthopaed*  OR (Pediat*  NOT Dent)  OR (Paediat*  NOT Dent)  OR Radiat*  OR Nucl*  OR Chest*  OR Gen*  OR Publ Hlth  OR (Surg*  NOT Maxillofacial  NOT Oral )OR Anat*  OR Neurol*  OR Genet* OR Med Biol OR Tıbbi Biyol* OR Mol Biol* OR Transplant*  OR Transplantat*  OR Anesthesiol*  OR Infect* Infeksiyon*  OR (Mikrobiyol* NOT Oral*) OR (Microbiol* NOT Oral*) OR Nephrol*  OR Endocrino*  OR Oncol*  OR Internal Med  OR Gastroenterol*  OR Otolaryngol*  OR Otorhinolaryngol*  OR Kulak* Hematol*  OR Cardiovasc*  OR Neurosurg*  OR Ophthalmol*  OR Family*  OR Halk  OR Biochem*  OR Physiol*  OR Emergency*  OR Dept Orthoped*  OR Traumatol*  OR Plast*  OR Reconstruct*  OR Histol*  OR Gastroenterohepatol*  OR Immunol*  OR Algol*  OR Neck*    OR Jinekol*  OR Gynecol*  OR Obstet*  OR GyneOncol*  OR Kadin*  OR Pharmacol*  OR Child*  OR Phys Med  OR Psychiat*  OR Urol*  OR Phys Therapy  OR Biostat*  OR Beyin* Psikiyatri Klin* Neonatol*  OR Dermatol*  OR Thorac*  OR Outpatient*))) OR AD=((baskent univ  OR Univ Baskent) SAME ((Adana* OR Izmir* OR Istanbul* OR Alanya* OR Konya*) NOT (Dentomaxillofacial*  OR Maxillofacial*  OR Endodont*  OR Dent*  OR Periodontol*  OR Dis hekimligi*  OR Orthodont*  OR Nursing*  OR Hemsirelik*  OR Ortodonti* OR Pedodont* OR Prosthodont*))) OR (OG=(Baskent University)  AND (AU=(Ozdemir BH OR Ayhan A OR Yildirir A OR Durdu M OR Altundag O OR Kirnap M OR Baskin E OR Oksuz E OR Ozyilkan O OR Haberal M OR Bitik B OR Tunel M OR Yerli H OR Aydin Elcin OR Ozin Bulent OR Yigit F OR Tekkarismaz Nihan OR Akkoyun Imren OR Aydin Huseyin Onur OR Karakaya Emre OR Tezcaner Tugan OR Atac Belgin OR Atac FB OR Atac F.B.)))) OR UT = (WOS:A1992JE75800052 OR WOS:A1994PD35900003 OR WOS:000463943200022 OR WOS:000491247400007)) NOT UT = (WOS:000326873800014  OR  WOS:000207895200010  OR WOS:000261710900005  OR  WOS:000439264900002  OR WOS:000252976100061  OR WOS:000250934200004  OR WOS:000250728400011  OR WOS:000236682400010  OR WOS:000088773300011  OR WOS:000084883600008 OR WOS:000311802500119 OR WOS:000439281700003 OR WOS:000258390800034 OR WOS:000284177100014 OR WOS:000239016800017 OR WOS:000216811600005 OR WOS:000507400600005 OR WOS:000487349900054 OR WOS:000450148600015 OR WOS:000426681300001 OR WOS:000409224500008 OR WOS:000393165200006 OR WOS:000391246400023 OR WOS:000377403000008 OR WOS:000338480200003 OR WOS:000324244700005 OR WOS:000330353200003 OR WOS:000314118800014 OR WOS:000286195600054 OR WOS:000281152500003 OR WOS:000276916100010 OR WOS:000273548800010 OR WOS:000273902400039 OR WOS:000265911100011 OR WOS:000265258400002 OR WOS:000259963400007 OR WOS:000253493600019 OR WOS:000246234700011 OR WOS:000234550900026),W3sidCI6IigoQUQ9KChiYXNrZW50IHVuaXYgIE9SIFVuaXYgQmFza2VudCkgIFNBTUUgKFRpcCBGYWsgIE9SIE1lZCogIE9SIEZhYyBNZWQgIE9SIFRpcCogKSkgT1IgQUQ9KChiYXNrZW50IHVuaXYgIE9SIFVuaXYgQmFza2VudCkgU0FNRSAoKEthcmRpeW9sKiAgT1IgUGF0aG9sKiAgT1IgUGF0b2wqICBPUiBQdWxtKiAgT1IgQ2FyZGlvbCogIE9SIChSYWRpb2wqICBOT1QgRGVudG9tYXhpbGxvZmFjaWFsICBOT1QgTWF4aWxsb2ZhY2lhbCBOT1QgRGVudCApICBPUiBPcnRob3BhZWQqICBPUiAoUGVkaWF0KiAgTk9UIERlbnQpICBPUiAoUGFlZGlhdCogIE5PVCBEZW50KSAgT1IgUmFkaWF0KiAgT1IgTnVjbCogIE9SIENoZXN0KiAgT1IgR2VuKiAgT1IgUHVibCBIbHRoICBPUiAoU3VyZyogIE5PVCBNYXhpbGxvZmFjaWFsICBOT1QgT3JhbCApT1IgQW5hdCogIE9SIE5ldXJvbCogIE9SIEdlbmV0KiBPUiBNZWQgQmlvbCBPUiBUxLFiYmkgQml5b2wqIE9SIE1vbCBCaW9sKiBPUiBUcmFuc3BsYW50KiAgT1IgVHJhbnNwbGFudGF0KiAgT1IgQW5lc3RoZXNpb2wqICBPUiBJbmZlY3QqIEluZmVrc2l5b24qICBPUiAoTWlrcm9iaXlvbCogTk9UIE9yYWwqKSBPUiAoTWljcm9iaW9sKiBOT1QgT3JhbCopIE9SIE5lcGhyb2wqICBPUiBFbmRvY3Jpbm8qICBPUiBPbmNvbCogIE9SIEludGVybmFsIE1lZCAgT1IgR2FzdHJvZW50ZXJvbCogIE9SIE90b2xhcnluZ29sKiAgT1IgT3Rvcmhpbm9sYXJ5bmdvbCogIE9SIEt1bGFrKiBIZW1hdG9sKiAgT1IgQ2FyZGlvdmFzYyogIE9SIE5ldXJvc3VyZyogIE9SIE9waHRoYWxtb2wqICBPUiBGYW1pbHkqICBPUiBIYWxrICBPUiBCaW9jaGVtKiAgT1IgUGh5c2lvbCogIE9SIEVtZXJnZW5jeSogIE9SIERlcHQgT3J0aG9wZWQqICBPUiBUcmF1bWF0b2wqICBPUiBQbGFzdCogIE9SIFJlY29uc3RydWN0KiAgT1IgSGlzdG9sKiAgT1IgR2FzdHJvZW50ZXJvaGVwYXRvbCogIE9SIEltbXVub2wqICBPUiBBbGdvbCogIE9SIE5lY2sqICAgIE9SIEppbmVrb2wqICBPUiBHeW5lY29sKiAgT1IgT2JzdGV0KiAgT1IgR3luZU9uY29sKiAgT1IgS2FkaW4qICBPUiBQaGFybWFjb2wqICBPUiBDaGlsZCogIE9SIFBoeXMgTWVkICBPUiBQc3ljaGlhdCogIE9SIFVyb2wqICBPUiBQaHlzIFRoZXJhcHkgIE9SIEJpb3N0YXQqICBPUiBCZXlpbiogUHNpa2l5YXRyaSBLbGluKiBOZW9uYXRvbCogIE9SIERlcm1hdG9sKiAgT1IgVGhvcmFjKiAgT1IgT3V0cGF0aWVudCopKSkgT1IgQUQ9KChiYXNrZW50IHVuaXYgIE9SIFVuaXYgQmFza2VudCkgU0FNRSAoKEFkYW5hKiBPUiBJem1pciogT1IgSXN0YW5idWwqIE9SIEFsYW55YSogT1IgS29ueWEqKSBOT1QgKERlbnRvbWF4aWxsb2ZhY2lhbCogIE9SIE1heGlsbG9mYWNpYWwqICBPUiBFbmRvZG9udCogIE9SIERlbnQqICBPUiBQZXJpb2RvbnRvbCogIE9SIERpcyBoZWtpbWxpZ2kqICBPUiBPcnRob2RvbnQqICBPUiBOdXJzaW5nKiAgT1IgSGVtc2lyZWxpayogIE9SIE9ydG9kb250aSogT1IgUGVkb2RvbnQqIE9SIFByb3N0aG9kb250KikpKSBPUiAoT0c9KEJhc2tlbnQgVW5pdmVyc2l0eSkgIEFORCAoQVU9KE96ZGVtaXIgQkggT1IgQXloYW4gQSBPUiBZaWxkaXJpciBBIE9SIER1cmR1IE0gT1IgQWx0dW5kYWcgTyBPUiBLaXJuYXAgTSBPUiBCYXNraW4gRSBPUiBPa3N1eiBFIE9SIE96eWlsa2FuIE8gT1IgSGFiZXJhbCBNIE9SIEJpdGlrIEIgT1IgVHVuZWwgTSBPUiBZZXJsaSBIIE9SIEF5ZGluIEVsY2luIE9SIE96aW4gQnVsZW50IE9SIFlpZ2l0IEYgT1IgVGVra2FyaXNtYXogTmloYW4gT1IgQWtrb3l1biBJbXJlbiBPUiBBeWRpbiBIdXNleWluIE9udXIgT1IgS2FyYWtheWEgRW1yZSBPUiBUZXpjYW5lciBUdWdhbiBPUiBBdGFjIEJlbGdpbiBPUiBBdGFjIEZCIE9SIEF0YWMgRi5CLikpKSkgT1IgVVQgPSAoV09TOkExOTkySkU3NTgwMDA1MiBPUiBXT1M6QTE5OTRQRDM1OTAwMDAzIE9SIFdPUzowMDA0NjM5NDMyMDAwMjIgT1IgV09TOjAwMDQ5MTI0NzQwMDAwNykpIE5PVCBVVCA9IChXT1M6MDAwMzI2ODczODAwMDE0ICBPUiAgV09TOjAwMDIwNzg5NTIwMDAxMCAgT1IgV09TOjAwMDI2MTcxMDkwMDAwNSAgT1IgIFdPUzowMDA0MzkyNjQ5MDAwMDIgIE9SIFdPUzowMDAyNTI5NzYxMDAwNjEgIE9SIFdPUzowMDAyNTA5MzQyMDAwMDQgIE9SIFdPUzowMDAyNTA3Mjg0MDAwMTEgIE9SIFdPUzowMDAyMzY2ODI0MDAwMTAgIE9SIFdPUzowMDAwODg3NzMzMDAwMTEgIE9SIFdPUzowMDAwODQ4ODM2MDAwMDggT1IgV09TOjAwMDMxMTgwMjUwMDExOSBPUiBXT1M6MDAwNDM5MjgxNzAwMDAzIE9SIFdPUzowMDAyNTgzOTA4MDAwMzQgT1IgV09TOjAwMDI4NDE3NzEwMDAxNCBPUiBXT1M6MDAwMjM5MDE2ODAwMDE3IE9SIFdPUzowMDAyMTY4MTE2MDAwMDUgT1IgV09TOjAwMDUwNzQwMDYwMDAwNSBPUiBXT1M6MDAwNDg3MzQ5OTAwMDU0IE9SIFdPUzowMDA0NTAxNDg2MDAwMTUgT1IgV09TOjAwMDQyNjY4MTMwMDAwMSBPUiBXT1M6MDAwNDA5MjI0NTAwMDA4IE9SIFdPUzowMDAzOTMxNjUyMDAwMDYgT1IgV09TOjAwMDM5MTI0NjQwMDAyMyBPUiBXT1M6MDAwMzc3NDAzMDAwMDA4IE9SIFdPUzowMDAzMzg0ODAyMDAwMDMgT1IgV09TOjAwMDMyNDI0NDcwMDAwNSBPUiBXT1M6MDAwMzMwMzUzMjAwMDAzIE9SIFdPUzowMDAzMTQxMTg4MDAwMTQgT1IgV09TOjAwMDI4NjE5NTYwMDA1NCBPUiBXT1M6MDAwMjgxMTUyNTAwMDAzIE9SIFdPUzowMDAyNzY5MTYxMDAwMTAgT1IgV09TOjAwMDI3MzU0ODgwMDAxMCBPUiBXT1M6MDAwMjczOTAyNDAwMDM5IE9SIFdPUzowMDAyNjU5MTExMDAwMTEgT1IgV09TOjAwMDI2NTI1ODQwMDAwMiBPUiBXT1M6MDAwMjU5OTYzNDAwMDA3IE9SIFdPUzowMDAyNTM0OTM2MDAwMTkgT1IgV09TOjAwMDI0NjIzNDcwMDAxMSBPUiBXT1M6MDAwMjM0NTUwOTAwMDI2KSJ9XQ
Baskent Universitesi Tıp Fakültesi Dışı,AD =((Baskent Univ OR Univ Baskent) NOT (Baskent OSB OR Baskent Meslek Yuksekokulu OR Baskent Vocat)) AND ((AD= (baskent univ) AND (AU = (Malhan S) OR AU=(Ak Aysegul) OR AU=(Cok Figen )  OR AU=(Koymen-Ozer S) OR AU=(Dengiz Asiye Ozge) OR AU=(Tuncer A. Turgut) OR AU=(Tekes Burcu) OR AU=(Eldogan Dilay) OR AU=(Fatullayev A. G.) OR AU=(Kurtulmusoglu Feride Bahar) OR AU=(Sigri Unsal) OR AU=(Turgay Gulay) OR AU=(Ugurlu Ziyafet) OR AU=(Kav Sultan) OR AU=(Isin Feride Bahar) )) OR (AD= (baskent univ SAME Baskent Univ Dept Restorat Dent OR Baskent Univ Fac Dent OR Baskent Univ Dept Oral OR Baskent Univ Sch Dent OR Baskent Univ Dishekimligi OR Baskent Univ Fac Hlth Sci  OR Baskent Univ Dept Restorat Dent OR Baskent Univ Dept Prosthodont OR Baskent Univ Dept Endodont OR Baskent Univ Dept Periodontol OR Baskent Univ Dept Orthodont OR Baskent Univ Dept Hlth Care Management OR Baskent Univ Dept Physiotherapy OR Baskent Univ Dept Ind OR Baskent Univ Ind OR Baskent Univ Dept Psychol OR Baskent Univ Dept Mech OR Baskent Univ Biomed Engn OR Baskent Univ Fac Commercial Sci OR Baskent Univ Mech Engn Dept OR Baskent Univ Dept Engn OR Baskent Univ Engn Fac OR Baskent Univ Fac Engn OR Baskent Univ Dept Elect OR Baskent Univ Dept Civil OR Baskent Univ Technol OR Baskent Univ IIBF OR Baskent Univ Fac Educ OR Baskent Univ Fac Econ OR Baskent Univ Inst Sci OR Baskent Univ Vocat Sch OR ? Baskent Univ Educ Fac OR Baskent Univ Nursing OR Baskent Univ Fac Sci OR Baskent Univ Healthcare OR Baskent Univ ICT Coordinat OR Baskent Univ Fen Edebiyat OR Baskent Univ Sosyol* OR Baskent Univ Fac Sports OR Baskent Univ Ctr Strategy OR Baskent Univ Hlth Sci Fac OR Baskent Univ Dept Comp OR Baskent Univ Dept Banking OR Baskent Univ Dept Sports OR Baskent Univ Dept Polit OR Baskent Univ Anim Res OR Baskent Univ Dept Tourism OR Baskent Univ Dept Tourism & Hotel OR Baskent Univ Comp OR Baskent Univ Fac Fine OR Baskent Univ Dept Biomed OR Baskent Univ Econ OR Baskent Univ Dept Econ OR Baskent Univ Dept Audiol OR Baskent Univ Guzel OR Baskent Univ Management OR Baskent Univ Halkla OR Baskent Univ Saglik OR Baskent Univ Egitim OR Baskent Univ Sch Hlth)) OR (AD= ((baskent univ OR Univ Baskent) NOT ( Tip Fak OR Medicine OR Hosp OR Medical Faculty OR Dept Radiol OR Gen Surg* OR Dept Orthoped* OR Traumatol* OR Ankara Training OR Kardiyol* OR Pathol* OR Patol* OR Pulm* OR Cardiol* OR Radiol* OR Orthopaed* OR Pediat* OR Paediat* OR Radiat* OR Nucl* OR Chest* OR Gen* OR Anat* OR Neurol* OR Genet* OR Transplant* OR Transplantat* OR Anesthesiol* OR Infect* Infeksiyon* OR Mikrobiyol * OR Nephrol* OR Endocrino* OR Oncol* OR Internal Med OR Gastroenterol* OR Otolaryngol* OR Otorhinolaryngol* OR Psikiyatri Klin* Kulak* Hematol* OR Cardiovasc* OR Neurosurg* OR Ophthalmol* OR Family* OR Biochem* OR Physiol* OR Emergency* OR Plast* OR Reconstruct* OR Histol* OR Gastroenterohepatol* OR Immunol* OR Algol* OR Neck* OR Microbiol* OR Jinekol* OR Gynecol* OR Obstet* OR GyneOncol* OR Kadin* OR Pharmacol* OR Child* OR Phys Med OR Psychiat* OR Urol* OR Phys Therapy OR Beyin* OR Biostat* OR Neonatol* OR Dermatol* OR Thorac* OR Outpatient*)) NOT (AU=(Bitik B) OR AU=(Yerli H) OR AU=(Akkoyun Imren) OR AU=(Karakaya Emre) OR AU=(Tezcaner Tugan) OR AU=(Aydin Elcin) OR AU=(Yildirir A) OR AU=(Altundag O) OR AU=(Kirnap M) OR AU=(Baskin E) OR AU=(Ozyilkan O) OR AU=(Ozdemir BH) OR AU=(Tunel M) OR AU=(Ayhan A)  OR AU=(Kose F)  OR AU=(Aydin Huseyin Onur) OR AU=(Durdu M) OR AU=(Tekkarismaz Nihan) OR AU=(Ozin Bulent) ) )),W3sidCI6IkFEID0oKEJhc2tlbnQgVW5pdiBPUiBVbml2IEJhc2tlbnQpIE5PVCAoQmFza2VudCBPU0IgT1IgQmFza2VudCBNZXNsZWsgWXVrc2Vrb2t1bHUgT1IgQmFza2VudCBWb2NhdCkpIEFORCAoKEFEPSAoYmFza2VudCB1bml2KSBBTkQgKEFVID0gKE1hbGhhbiBTKSBPUiBBVT0oQWsgQXlzZWd1bCkgT1IgQVU9KENvayBGaWdlbiApICBPUiBBVT0oS295bWVuLU96ZXIgUykgT1IgQVU9KERlbmdpeiBBc2l5ZSBPemdlKSBPUiBBVT0oVHVuY2VyIEEuIFR1cmd1dCkgT1IgQVU9KFRla2VzIEJ1cmN1KSBPUiBBVT0oRWxkb2dhbiBEaWxheSkgT1IgQVU9KEZhdHVsbGF5ZXYgQS4gRy4pIE9SIEFVPShLdXJ0dWxtdXNvZ2x1IEZlcmlkZSBCYWhhcikgT1IgQVU9KFNpZ3JpIFVuc2FsKSBPUiBBVT0oVHVyZ2F5IEd1bGF5KSBPUiBBVT0oVWd1cmx1IFppeWFmZXQpIE9SIEFVPShLYXYgU3VsdGFuKSBPUiBBVT0oSXNpbiBGZXJpZGUgQmFoYXIpICkpIE9SIChBRD0gKGJhc2tlbnQgdW5pdiBTQU1FIEJhc2tlbnQgVW5pdiBEZXB0IFJlc3RvcmF0IERlbnQgT1IgQmFza2VudCBVbml2IEZhYyBEZW50IE9SIEJhc2tlbnQgVW5pdiBEZXB0IE9yYWwgT1IgQmFza2VudCBVbml2IFNjaCBEZW50IE9SIEJhc2tlbnQgVW5pdiBEaXNoZWtpbWxpZ2kgT1IgQmFza2VudCBVbml2IEZhYyBIbHRoIFNjaSAgT1IgQmFza2VudCBVbml2IERlcHQgUmVzdG9yYXQgRGVudCBPUiBCYXNrZW50IFVuaXYgRGVwdCBQcm9zdGhvZG9udCBPUiBCYXNrZW50IFVuaXYgRGVwdCBFbmRvZG9udCBPUiBCYXNrZW50IFVuaXYgRGVwdCBQZXJpb2RvbnRvbCBPUiBCYXNrZW50IFVuaXYgRGVwdCBPcnRob2RvbnQgT1IgQmFza2VudCBVbml2IERlcHQgSGx0aCBDYXJlIE1hbmFnZW1lbnQgT1IgQmFza2VudCBVbml2IERlcHQgUGh5c2lvdGhlcmFweSBPUiBCYXNrZW50IFVuaXYgRGVwdCBJbmQgT1IgQmFza2VudCBVbml2IEluZCBPUiBCYXNrZW50IFVuaXYgRGVwdCBQc3ljaG9sIE9SIEJhc2tlbnQgVW5pdiBEZXB0IE1lY2ggT1IgQmFza2VudCBVbml2IEJpb21lZCBFbmduIE9SIEJhc2tlbnQgVW5pdiBGYWMgQ29tbWVyY2lhbCBTY2kgT1IgQmFza2VudCBVbml2IE1lY2ggRW5nbiBEZXB0IE9SIEJhc2tlbnQgVW5pdiBEZXB0IEVuZ24gT1IgQmFza2VudCBVbml2IEVuZ24gRmFjIE9SIEJhc2tlbnQgVW5pdiBGYWMgRW5nbiBPUiBCYXNrZW50IFVuaXYgRGVwdCBFbGVjdCBPUiBCYXNrZW50IFVuaXYgRGVwdCBDaXZpbCBPUiBCYXNrZW50IFVuaXYgVGVjaG5vbCBPUiBCYXNrZW50IFVuaXYgSUlCRiBPUiBCYXNrZW50IFVuaXYgRmFjIEVkdWMgT1IgQmFza2VudCBVbml2IEZhYyBFY29uIE9SIEJhc2tlbnQgVW5pdiBJbnN0IFNjaSBPUiBCYXNrZW50IFVuaXYgVm9jYXQgU2NoIE9SIOKAjiBCYXNrZW50IFVuaXYgRWR1YyBGYWMgT1IgQmFza2VudCBVbml2IE51cnNpbmcgT1IgQmFza2VudCBVbml2IEZhYyBTY2kgT1IgQmFza2VudCBVbml2IEhlYWx0aGNhcmUgT1IgQmFza2VudCBVbml2IElDVCBDb29yZGluYXQgT1IgQmFza2VudCBVbml2IEZlbiBFZGViaXlhdCBPUiBCYXNrZW50IFVuaXYgU29zeW9sKiBPUiBCYXNrZW50IFVuaXYgRmFjIFNwb3J0cyBPUiBCYXNrZW50IFVuaXYgQ3RyIFN0cmF0ZWd5IE9SIEJhc2tlbnQgVW5pdiBIbHRoIFNjaSBGYWMgT1IgQmFza2VudCBVbml2IERlcHQgQ29tcCBPUiBCYXNrZW50IFVuaXYgRGVwdCBCYW5raW5nIE9SIEJhc2tlbnQgVW5pdiBEZXB0IFNwb3J0cyBPUiBCYXNrZW50IFVuaXYgRGVwdCBQb2xpdCBPUiBCYXNrZW50IFVuaXYgQW5pbSBSZXMgT1IgQmFza2VudCBVbml2IERlcHQgVG91cmlzbSBPUiBCYXNrZW50IFVuaXYgRGVwdCBUb3VyaXNtICYgSG90ZWwgT1IgQmFza2VudCBVbml2IENvbXAgT1IgQmFza2VudCBVbml2IEZhYyBGaW5lIE9SIEJhc2tlbnQgVW5pdiBEZXB0IEJpb21lZCBPUiBCYXNrZW50IFVuaXYgRWNvbiBPUiBCYXNrZW50IFVuaXYgRGVwdCBFY29uIE9SIEJhc2tlbnQgVW5pdiBEZXB0IEF1ZGlvbCBPUiBCYXNrZW50IFVuaXYgR3V6ZWwgT1IgQmFza2VudCBVbml2IE1hbmFnZW1lbnQgT1IgQmFza2VudCBVbml2IEhhbGtsYSBPUiBCYXNrZW50IFVuaXYgU2FnbGlrIE9SIEJhc2tlbnQgVW5pdiBFZ2l0aW0gT1IgQmFza2VudCBVbml2IFNjaCBIbHRoKSkgT1IgKEFEPSAoKGJhc2tlbnQgdW5pdiBPUiBVbml2IEJhc2tlbnQpIE5PVCAoIFRpcCBGYWsgT1IgTWVkaWNpbmUgT1IgSG9zcCBPUiBNZWRpY2FsIEZhY3VsdHkgT1IgRGVwdCBSYWRpb2wgT1IgR2VuIFN1cmcqIE9SIERlcHQgT3J0aG9wZWQqIE9SIFRyYXVtYXRvbCogT1IgQW5rYXJhIFRyYWluaW5nIE9SIEthcmRpeW9sKiBPUiBQYXRob2wqIE9SIFBhdG9sKiBPUiBQdWxtKiBPUiBDYXJkaW9sKiBPUiBSYWRpb2wqIE9SIE9ydGhvcGFlZCogT1IgUGVkaWF0KiBPUiBQYWVkaWF0KiBPUiBSYWRpYXQqIE9SIE51Y2wqIE9SIENoZXN0KiBPUiBHZW4qIE9SIEFuYXQqIE9SIE5ldXJvbCogT1IgR2VuZXQqIE9SIFRyYW5zcGxhbnQqIE9SIFRyYW5zcGxhbnRhdCogT1IgQW5lc3RoZXNpb2wqIE9SIEluZmVjdCogSW5mZWtzaXlvbiogT1IgTWlrcm9iaXlvbCAqIE9SIE5lcGhyb2wqIE9SIEVuZG9jcmlubyogT1IgT25jb2wqIE9SIEludGVybmFsIE1lZCBPUiBHYXN0cm9lbnRlcm9sKiBPUiBPdG9sYXJ5bmdvbCogT1IgT3Rvcmhpbm9sYXJ5bmdvbCogT1IgUHNpa2l5YXRyaSBLbGluKiBLdWxhayogSGVtYXRvbCogT1IgQ2FyZGlvdmFzYyogT1IgTmV1cm9zdXJnKiBPUiBPcGh0aGFsbW9sKiBPUiBGYW1pbHkqIE9SIEJpb2NoZW0qIE9SIFBoeXNpb2wqIE9SIEVtZXJnZW5jeSogT1IgUGxhc3QqIE9SIFJlY29uc3RydWN0KiBPUiBIaXN0b2wqIE9SIEdhc3Ryb2VudGVyb2hlcGF0b2wqIE9SIEltbXVub2wqIE9SIEFsZ29sKiBPUiBOZWNrKiBPUiBNaWNyb2Jpb2wqIE9SIEppbmVrb2wqIE9SIEd5bmVjb2wqIE9SIE9ic3RldCogT1IgR3luZU9uY29sKiBPUiBLYWRpbiogT1IgUGhhcm1hY29sKiBPUiBDaGlsZCogT1IgUGh5cyBNZWQgT1IgUHN5Y2hpYXQqIE9SIFVyb2wqIE9SIFBoeXMgVGhlcmFweSBPUiBCZXlpbiogT1IgQmlvc3RhdCogT1IgTmVvbmF0b2wqIE9SIERlcm1hdG9sKiBPUiBUaG9yYWMqIE9SIE91dHBhdGllbnQqKSkgTk9UIChBVT0oQml0aWsgQikgT1IgQVU9KFllcmxpIEgpIE9SIEFVPShBa2tveXVuIEltcmVuKSBPUiBBVT0oS2FyYWtheWEgRW1yZSkgT1IgQVU9KFRlemNhbmVyIFR1Z2FuKSBPUiBBVT0oQXlkaW4gRWxjaW4pIE9SIEFVPShZaWxkaXJpciBBKSBPUiBBVT0oQWx0dW5kYWcgTykgT1IgQVU9KEtpcm5hcCBNKSBPUiBBVT0oQmFza2luIEUpIE9SIEFVPShPenlpbGthbiBPKSBPUiBBVT0oT3pkZW1pciBCSCkgT1IgQVU9KFR1bmVsIE0pIE9SIEFVPShBeWhhbiBBKSAgT1IgQVU9KEtvc2UgRikgIE9SIEFVPShBeWRpbiBIdXNleWluIE9udXIpIE9SIEFVPShEdXJkdSBNKSBPUiBBVT0oVGVra2FyaXNtYXogTmloYW4pIE9SIEFVPShPemluIEJ1bGVudCkgKSApKSJ9XQ
Hemsirelik veya Dis ile ortak Baskent Universitesi Tıp Fakültesi,(AD=((baskent univ  OR Univ Baskent)  SAME (Tip Fak  OR Med*  OR Fac Med  OR Tip* )) OR AD=((baskent univ  OR Univ Baskent) SAME ((Kardiyol*  OR Pathol*  OR Patol*  OR Pulm*  OR Cardiol*  OR (Radiol*  NOT Dentomaxillofacial  NOT Maxillofacial NOT Dent )  OR Orthopaed*  OR (Pediat*  NOT Dent)  OR (Paediat*  NOT Dent)  OR Radiat*  OR Nucl*  OR Chest*  OR Gen*  OR Publ Hlth  OR (Surg*  NOT Maxillofacial  NOT Oral )OR Anat*  OR Neurol*  OR Genet*  OR Transplant*  OR Transplantat*  OR Anesthesiol*  OR Infect* Infeksiyon*  OR (Mikrobiyol* NOT Oral*) OR (Microbiol* NOT Oral*)  OR Nephrol*  OR Endocrino*  OR Oncol*  OR Internal Med  OR Gastroenterol*  OR Otolaryngol*  OR Otorhinolaryngol*  OR Kulak* Hematol*  OR Cardiovasc*  OR Neurosurg*  OR Ophthalmol*  OR Family*  OR Halk  OR Biochem*  OR Physiol*  OR Emergency*  OR Dept Orthoped*  OR Traumatol*  OR Plast*  OR Reconstruct*  OR Histol*  OR Gastroenterohepatol*  OR Immunol*  OR Algol*  OR Neck*  OR Jinekol*  OR Gynecol*  OR Obstet*  OR GyneOncol*  OR Kadin*  OR Pharmacol*  OR Child*  OR Phys Med  OR Psychiat*  OR Urol*  OR Phys Therapy  OR Biostat*  OR Beyin* Psikiyatri Klin* Neonatol*  OR Dermatol*  OR Thorac*  OR Outpatient*))) OR AD=((baskent univ  OR Univ Baskent) SAME ((Adana* OR Izmir* OR Istanbul* OR Alanya* OR Konya*) NOT (Dentomaxillofacial*  OR Maxillofacial*  OR Endodont*  OR Dent*  OR Periodontol*  OR Dis hekimligi*  OR Orthodont*  OR Nursing*  OR Hemsirelik  OR Ortodonti* OR Pedodont* OR Prosthodont*))) OR (OG=(Baskent University)  AND (AU=(Ozdemir BH)  OR AU=(Ayhan A)  OR AU=(Yildirir A)  OR AU=(Durdu M)  OR AU=(Altundag O)  OR AU=(Kirnap M)  OR AU=(Baskin E)  OR AU=(Oksuz E)  OR AU=(Ozyilkan O)  OR AU=(Haberal M)  OR AU=(Bitik B)  OR AU=(Tunel M)  OR AU=(Yerli H)  OR AU=(Aydin Elcin)  OR AU=(Ozin Bulent)  OR AU=(Yigit F)  OR AU=(Tekkarismaz Nihan)  OR AU=(Akkoyun Imren)  OR AU=(Aydin Huseyin Onur)  OR AU=(Karakaya Emre)  OR AU=(Tezcaner Tugan)) )) AND AD=(Dentomaxillofacial*  OR Maxillofacial*  OR Endodont*  OR Dent*  OR Periodontol*  OR Dis hekimligi*  OR Orthodont*  OR Nursing* OR Hemsirelik* OR Ortodonti* OR Pedodont* OR Prosthodont*) NOT UT = (WOS:000326873800014  OR  WOS:000207895200010  OR WOS:000261710900005  OR  WOS:000439264900002  OR WOS:000252976100061  OR WOS:000250934200004  OR WOS:000250728400011  OR WOS:000236682400010  OR WOS:000088773300011  OR WOS:000084883600008 OR WOS:000311802500119 OR WOS:000439281700003 OR WOS:000258390800034 OR WOS:000284177100014 OR WOS:000239016800017 OR WOS:000216811600005 OR WOS:000507400600005 OR WOS:000487349900054 OR WOS:000450148600015 OR WOS:000426681300001 OR WOS:000409224500008 OR WOS:000393165200006 OR WOS:000391246400023 OR WOS:000377403000008 OR WOS:000338480200003 OR WOS:000324244700005 OR WOS:000330353200003 OR WOS:000314118800014 OR WOS:000286195600054 OR WOS:000281152500003 OR WOS:000276916100010 OR WOS:000273548800010 OR WOS:000273902400039 OR WOS:000265911100011 OR WOS:000265258400002 OR WOS:000259963400007 OR WOS:000253493600019 OR WOS:000246234700011 OR WOS:000234550900026),W3sidCI6IihBRD0oKGJhc2tlbnQgdW5pdiAgT1IgVW5pdiBCYXNrZW50KSAgU0FNRSAoVGlwIEZhayAgT1IgTWVkKiAgT1IgRmFjIE1lZCAgT1IgVGlwKiApKSBPUiBBRD0oKGJhc2tlbnQgdW5pdiAgT1IgVW5pdiBCYXNrZW50KSBTQU1FICgoS2FyZGl5b2wqICBPUiBQYXRob2wqICBPUiBQYXRvbCogIE9SIFB1bG0qICBPUiBDYXJkaW9sKiAgT1IgKFJhZGlvbCogIE5PVCBEZW50b21heGlsbG9mYWNpYWwgIE5PVCBNYXhpbGxvZmFjaWFsIE5PVCBEZW50ICkgIE9SIE9ydGhvcGFlZCogIE9SIChQZWRpYXQqICBOT1QgRGVudCkgIE9SIChQYWVkaWF0KiAgTk9UIERlbnQpICBPUiBSYWRpYXQqICBPUiBOdWNsKiAgT1IgQ2hlc3QqICBPUiBHZW4qICBPUiBQdWJsIEhsdGggIE9SIChTdXJnKiAgTk9UIE1heGlsbG9mYWNpYWwgIE5PVCBPcmFsIClPUiBBbmF0KiAgT1IgTmV1cm9sKiAgT1IgR2VuZXQqICBPUiBUcmFuc3BsYW50KiAgT1IgVHJhbnNwbGFudGF0KiAgT1IgQW5lc3RoZXNpb2wqICBPUiBJbmZlY3QqIEluZmVrc2l5b24qICBPUiAoTWlrcm9iaXlvbCogTk9UIE9yYWwqKSBPUiAoTWljcm9iaW9sKiBOT1QgT3JhbCopICBPUiBOZXBocm9sKiAgT1IgRW5kb2NyaW5vKiAgT1IgT25jb2wqICBPUiBJbnRlcm5hbCBNZWQgIE9SIEdhc3Ryb2VudGVyb2wqICBPUiBPdG9sYXJ5bmdvbCogIE9SIE90b3JoaW5vbGFyeW5nb2wqICBPUiBLdWxhayogSGVtYXRvbCogIE9SIENhcmRpb3Zhc2MqICBPUiBOZXVyb3N1cmcqICBPUiBPcGh0aGFsbW9sKiAgT1IgRmFtaWx5KiAgT1IgSGFsayAgT1IgQmlvY2hlbSogIE9SIFBoeXNpb2wqICBPUiBFbWVyZ2VuY3kqICBPUiBEZXB0IE9ydGhvcGVkKiAgT1IgVHJhdW1hdG9sKiAgT1IgUGxhc3QqICBPUiBSZWNvbnN0cnVjdCogIE9SIEhpc3RvbCogIE9SIEdhc3Ryb2VudGVyb2hlcGF0b2wqICBPUiBJbW11bm9sKiAgT1IgQWxnb2wqICBPUiBOZWNrKiAgT1IgSmluZWtvbCogIE9SIEd5bmVjb2wqICBPUiBPYnN0ZXQqICBPUiBHeW5lT25jb2wqICBPUiBLYWRpbiogIE9SIFBoYXJtYWNvbCogIE9SIENoaWxkKiAgT1IgUGh5cyBNZWQgIE9SIFBzeWNoaWF0KiAgT1IgVXJvbCogIE9SIFBoeXMgVGhlcmFweSAgT1IgQmlvc3RhdCogIE9SIEJleWluKiBQc2lraXlhdHJpIEtsaW4qIE5lb25hdG9sKiAgT1IgRGVybWF0b2wqICBPUiBUaG9yYWMqICBPUiBPdXRwYXRpZW50KikpKSBPUiBBRD0oKGJhc2tlbnQgdW5pdiAgT1IgVW5pdiBCYXNrZW50KSBTQU1FICgoQWRhbmEqIE9SIEl6bWlyKiBPUiBJc3RhbmJ1bCogT1IgQWxhbnlhKiBPUiBLb255YSopIE5PVCAoRGVudG9tYXhpbGxvZmFjaWFsKiAgT1IgTWF4aWxsb2ZhY2lhbCogIE9SIEVuZG9kb250KiAgT1IgRGVudCogIE9SIFBlcmlvZG9udG9sKiAgT1IgRGlzIGhla2ltbGlnaSogIE9SIE9ydGhvZG9udCogIE9SIE51cnNpbmcqICBPUiBIZW1zaXJlbGlrICBPUiBPcnRvZG9udGkqIE9SIFBlZG9kb250KiBPUiBQcm9zdGhvZG9udCopKSkgT1IgKE9HPShCYXNrZW50IFVuaXZlcnNpdHkpICBBTkQgKEFVPShPemRlbWlyIEJIKSAgT1IgQVU9KEF5aGFuIEEpICBPUiBBVT0oWWlsZGlyaXIgQSkgIE9SIEFVPShEdXJkdSBNKSAgT1IgQVU9KEFsdHVuZGFnIE8pICBPUiBBVT0oS2lybmFwIE0pICBPUiBBVT0oQmFza2luIEUpICBPUiBBVT0oT2tzdXogRSkgIE9SIEFVPShPenlpbGthbiBPKSAgT1IgQVU9KEhhYmVyYWwgTSkgIE9SIEFVPShCaXRpayBCKSAgT1IgQVU9KFR1bmVsIE0pICBPUiBBVT0oWWVybGkgSCkgIE9SIEFVPShBeWRpbiBFbGNpbikgIE9SIEFVPShPemluIEJ1bGVudCkgIE9SIEFVPShZaWdpdCBGKSAgT1IgQVU9KFRla2thcmlzbWF6IE5paGFuKSAgT1IgQVU9KEFra295dW4gSW1yZW4pICBPUiBBVT0oQXlkaW4gSHVzZXlpbiBPbnVyKSAgT1IgQVU9KEthcmFrYXlhIEVtcmUpICBPUiBBVT0oVGV6Y2FuZXIgVHVnYW4pKSApKSBBTkQgQUQ9KERlbnRvbWF4aWxsb2ZhY2lhbCogIE9SIE1heGlsbG9mYWNpYWwqICBPUiBFbmRvZG9udCogIE9SIERlbnQqICBPUiBQZXJpb2RvbnRvbCogIE9SIERpcyBoZWtpbWxpZ2kqICBPUiBPcnRob2RvbnQqICBPUiBOdXJzaW5nKiBPUiBIZW1zaXJlbGlrKiBPUiBPcnRvZG9udGkqIE9SIFBlZG9kb250KiBPUiBQcm9zdGhvZG9udCopIE5PVCBVVCA9IChXT1M6MDAwMzI2ODczODAwMDE0ICBPUiAgV09TOjAwMDIwNzg5NTIwMDAxMCAgT1IgV09TOjAwMDI2MTcxMDkwMDAwNSAgT1IgIFdPUzowMDA0MzkyNjQ5MDAwMDIgIE9SIFdPUzowMDAyNTI5NzYxMDAwNjEgIE9SIFdPUzowMDAyNTA5MzQyMDAwMDQgIE9SIFdPUzowMDAyNTA3Mjg0MDAwMTEgIE9SIFdPUzowMDAyMzY2ODI0MDAwMTAgIE9SIFdPUzowMDAwODg3NzMzMDAwMTEgIE9SIFdPUzowMDAwODQ4ODM2MDAwMDggT1IgV09TOjAwMDMxMTgwMjUwMDExOSBPUiBXT1M6MDAwNDM5MjgxNzAwMDAzIE9SIFdPUzowMDAyNTgzOTA4MDAwMzQgT1IgV09TOjAwMDI4NDE3NzEwMDAxNCBPUiBXT1M6MDAwMjM5MDE2ODAwMDE3IE9SIFdPUzowMDAyMTY4MTE2MDAwMDUgT1IgV09TOjAwMDUwNzQwMDYwMDAwNSBPUiBXT1M6MDAwNDg3MzQ5OTAwMDU0IE9SIFdPUzowMDA0NTAxNDg2MDAwMTUgT1IgV09TOjAwMDQyNjY4MTMwMDAwMSBPUiBXT1M6MDAwNDA5MjI0NTAwMDA4IE9SIFdPUzowMDAzOTMxNjUyMDAwMDYgT1IgV09TOjAwMDM5MTI0NjQwMDAyMyBPUiBXT1M6MDAwMzc3NDAzMDAwMDA4IE9SIFdPUzowMDAzMzg0ODAyMDAwMDMgT1IgV09TOjAwMDMyNDI0NDcwMDAwNSBPUiBXT1M6MDAwMzMwMzUzMjAwMDAzIE9SIFdPUzowMDAzMTQxMTg4MDAwMTQgT1IgV09TOjAwMDI4NjE5NTYwMDA1NCBPUiBXT1M6MDAwMjgxMTUyNTAwMDAzIE9SIFdPUzowMDAyNzY5MTYxMDAwMTAgT1IgV09TOjAwMDI3MzU0ODgwMDAxMCBPUiBXT1M6MDAwMjczOTAyNDAwMDM5IE9SIFdPUzowMDAyNjU5MTExMDAwMTEgT1IgV09TOjAwMDI2NTI1ODQwMDAwMiBPUiBXT1M6MDAwMjU5OTYzNDAwMDA3IE9SIFdPUzowMDAyNTM0OTM2MDAwMTkgT1IgV09TOjAwMDI0NjIzNDcwMDAxMSBPUiBXT1M6MDAwMjM0NTUwOTAwMDI2KSJ9XQ
Anesteziyoloji ve Reanimasyon,AD=(baskent univ SAME (Anesthesiol* OR Anestezi OR Algol* OR Agri OR Intens* OR Yogun)) OR (AD= baskent univ AND ((AU=Kayhan Zeynep ) OR (AU=Pirat Aras ) OR (AU=Zeyneloglu Pinar ) OR (AU =Arslan Gulnaz) OR (AU =Torgay Adnan) OR (AU =Aribogan A) OR (AU =Araz Coskun) OR (AU =Akpek EA) )),W3sidCI6IkFEPShiYXNrZW50IHVuaXYgU0FNRSAoQW5lc3RoZXNpb2wqIE9SIEFuZXN0ZXppIE9SIEFsZ29sKiBPUiBBZ3JpIE9SIEludGVucyogT1IgWW9ndW4pKSBPUiAoQUQ9IGJhc2tlbnQgdW5pdiBBTkQgKChBVT1LYXloYW4gWmV5bmVwICkgT1IgKEFVPVBpcmF0IEFyYXMgKSBPUiAoQVU9WmV5bmVsb2dsdSBQaW5hciApIE9SIChBVSA9QXJzbGFuIEd1bG5heikgT1IgKEFVID1Ub3JnYXkgQWRuYW4pIE9SIChBVSA9QXJpYm9nYW4gQSkgT1IgKEFVID1BcmF6IENvc2t1bikgT1IgKEFVID1Ba3BlayBFQSkgKSkifV0
Algoloji,AD=(baskent univ SAME (Algo* OR Agri)),W3sidCI6IkFEPShiYXNrZW50IHVuaXYgU0FNRSAoQWxnbyogT1IgQWdyaSkpIn1d
Yoğun Bakım,AD=(baskent univ SAME (Intens* OR Yogun)),W3sidCI6IkFEPShiYXNrZW50IHVuaXYgU0FNRSAoSW50ZW5zKiBPUiBZb2d1bikpIn1d
Beyin ve Sinir Cerrahisi,AD=(baskent univ SAME (Neurosurg* OR Beyin)) OR (AD= baskent univ AND ((AU=Altinors Nur ) OR (AU=Caner Hakan ) OR (AU=Atalay Basar) OR (AU=Yilmaz Cem) )),W3sidCI6IkFEPShiYXNrZW50IHVuaXYgU0FNRSAoTmV1cm9zdXJnKiBPUiBCZXlpbikpIE9SIChBRD0gYmFza2VudCB1bml2IEFORCAoKEFVPUFsdGlub3JzIE51ciApIE9SIChBVT1DYW5lciBIYWthbiApIE9SIChBVT1BdGFsYXkgQmFzYXIpIE9SIChBVT1ZaWxtYXogQ2VtKSApKSJ9XQ
Çocuk Cerrahisi,AD=(baskent univ SAME (Pediat Surg OR Paediat Surg OR Cocuk Cer*)) OR (AD= baskent univ AND (AU=Temiz Abdulkerim)),W3sidCI6IkFEPShiYXNrZW50IHVuaXYgU0FNRSAoUGVkaWF0IFN1cmcgT1IgUGFlZGlhdCBTdXJnIE9SIENvY3VrIENlciopKSBPUiAoQUQ9IGJhc2tlbnQgdW5pdiBBTkQgKEFVPVRlbWl6IEFiZHVsa2VyaW0pKSJ9XQ
Genel Cerrahi,AD=(baskent univ SAME (Surgery NOT Otorhinolaryngol NOT ENT NOT Maxillofacial NOT Oral NOT Neck NOT Reconstruct NOT Plast NOT Pediat NOT Paediat NOT Cardiovasc NOT Cardiac NOT Cardiothorac NOT Cardiothoras NOT Thorac NOT Orthopaed NOT Orthoped NOT Ortoped* NOT Trauma NOT Neck)) OR AD=(baskent univ SAME Genel Cerrahi) OR AD=(baskent univ SAME (Transplant* NOT Immunol NOT Marrow NOT Gene NOT GENES)) OR (AD= baskent univ AND ((AU=Kirnap M) OR (AU=Karakayali H) OR (AU=Moray G) OR (AU=Bilgin N) OR (AU=Haberal M))),W3sidCI6IkFEPShiYXNrZW50IHVuaXYgU0FNRSAoU3VyZ2VyeSBOT1QgT3Rvcmhpbm9sYXJ5bmdvbCBOT1QgRU5UIE5PVCBNYXhpbGxvZmFjaWFsIE5PVCBPcmFsIE5PVCBOZWNrIE5PVCBSZWNvbnN0cnVjdCBOT1QgUGxhc3QgTk9UIFBlZGlhdCBOT1QgUGFlZGlhdCBOT1QgQ2FyZGlvdmFzYyBOT1QgQ2FyZGlhYyBOT1QgQ2FyZGlvdGhvcmFjIE5PVCBDYXJkaW90aG9yYXMgTk9UIFRob3JhYyBOT1QgT3J0aG9wYWVkIE5PVCBPcnRob3BlZCBOT1QgT3J0b3BlZCogTk9UIFRyYXVtYSBOT1QgTmVjaykpIE9SIEFEPShiYXNrZW50IHVuaXYgU0FNRSBHZW5lbCBDZXJyYWhpKSBPUiBBRD0oYmFza2VudCB1bml2IFNBTUUgKFRyYW5zcGxhbnQqIE5PVCBJbW11bm9sIE5PVCBNYXJyb3cgTk9UIEdlbmUgTk9UIEdFTkVTKSkgT1IgKEFEPSBiYXNrZW50IHVuaXYgQU5EICgoQVU9S2lybmFwIE0pIE9SIChBVT1LYXJha2F5YWxpIEgpIE9SIChBVT1Nb3JheSBHKSBPUiAoQVU9QmlsZ2luIE4pIE9SIChBVT1IYWJlcmFsIE0pKSlcbiJ9XQ
Transplantasyon,AD=(baskent univ SAME (Transplant* NOT Immunol NOT Marrow NOT Gene NOT Genes)),W3sidCI6IkFEPShiYXNrZW50IHVuaXYgU0FNRSAoVHJhbnNwbGFudCogTk9UIEltbXVub2wgTk9UIE1hcnJvdyBOT1QgR2VuZSBOT1QgR2VuZXMpKVxuIn1d
Yanık,AD=(baskent univ SAME (Burn OR Yanik)),W3sidCI6IkFEPShiYXNrZW50IHVuaXYgU0FNRSAoQnVybiBPUiBZYW5paykpXG4ifV0
Göğüs Cerrahisi,AD=(baskent univ SAME (Thorac OR Cardiothorac OR Gogus Cer* )),W3sidCI6IkFEPShiYXNrZW50IHVuaXYgU0FNRSAoVGhvcmFjIE9SIENhcmRpb3Rob3JhYyBPUiBHb2d1cyBDZXIqICkpXG4ifV0
Göz Hastalıkları,AD=(baskent univ SAME (Ophthalmol OR Eye OR Goz OR Oftal*)) OR(AD= baskent univ AND ((AU=Akova YA ) OR (AU=Yilmaz Gursel) OR (AU=Akman Ahmet) OR (AU =Aydin Pinar) OR (AU = Oto Sibel) OR (AU =Altinors DD) OR (AU =Akkoyun I) OR (AU=Altan-Yaycioglu R) )),W3sidCI6IkFEPShiYXNrZW50IHVuaXYgU0FNRSAoT3BodGhhbG1vbCBPUiBFeWUgT1IgR296IE9SIE9mdGFsKikpIE9SKEFEPSBiYXNrZW50IHVuaXYgQU5EICgoQVU9QWtvdmEgWUEgKSBPUiAoQVU9WWlsbWF6IEd1cnNlbCkgT1IgKEFVPUFrbWFuIEFobWV0KSBPUiAoQVUgPUF5ZGluIFBpbmFyKSBPUiAoQVUgPSBPdG8gU2liZWwpIE9SIChBVSA9QWx0aW5vcnMgREQpIE9SIChBVSA9QWtrb3l1biBJKSBPUiAoQVU9QWx0YW4tWWF5Y2lvZ2x1IFIpICkpXG4ifV0
Kadın Hastalıkları ve Doğum,AD=(baskent univ SAME (Obstet OR Gynecol OR Kadin OR GyneOncol* OR Perinatal OR Reprod Endocrinol)) OR (AD= baskent univ AND ((AU =Ayhan A) OR (AU =Kuscu E) OR (AU =Zeyneloglu H) OR (AU =Zeyneloglu HB) OR (AU =Dursun P) OR (AU =Haberal Ali) OR (AU =Tarim E) OR (AU =Onalan G) OR (AU =Ozcimen EE)  )),W3sidCI6IkFEPShiYXNrZW50IHVuaXYgU0FNRSAoT2JzdGV0IE9SIEd5bmVjb2wgT1IgS2FkaW4gT1IgR3luZU9uY29sKiBPUiBQZXJpbmF0YWwgT1IgUmVwcm9kIEVuZG9jcmlub2wpKSBPUiAoQUQ9IGJhc2tlbnQgdW5pdiBBTkQgKChBVSA9QXloYW4gQSkgT1IgKEFVID1LdXNjdSBFKSBPUiAoQVUgPVpleW5lbG9nbHUgSCkgT1IgKEFVID1aZXluZWxvZ2x1IEhCKSBPUiAoQVUgPUR1cnN1biBQKSBPUiAoQVUgPUhhYmVyYWwgQWxpKSBPUiAoQVUgPVRhcmltIEUpIE9SIChBVSA9T25hbGFuIEcpIE9SIChBVSA9T3pjaW1lbiBFRSkgICkpXG4ifV0
Jinekolojik Onkoloji,AD=(baskent univ SAME (Gynecol Oncol OR GyneOncol*)) OR (AD= baskent univ AND (AU =Ayhan A)),W3sidCI6IkFEPShiYXNrZW50IHVuaXYgU0FNRSAoR3luZWNvbCBPbmNvbCBPUiBHeW5lT25jb2wqKSkgT1IgKEFEPSBiYXNrZW50IHVuaXYgQU5EIChBVSA9QXloYW4gQSkpXG4ifV0
Perinatoloji,AD=(baskent univ SAME Perinatal*),W3sidCI6IkFEPShiYXNrZW50IHVuaXYgU0FNRSBQZXJpbmF0YWwqKVxuIn1d
Üreme Endokrinolojisi ve İnfertilite,AD=(baskent univ SAME (Reprod Endocrinol OR Ureme OR IVF)),W3sidCI6IkFEPShiYXNrZW50IHVuaXYgU0FNRSAoUmVwcm9kIEVuZG9jcmlub2wgT1IgVXJlbWUgT1IgSVZGKSlcbiJ9XQ
Kalp ve Damar Cerrahisi,AD=(baskent univ SAME (Cardiovasc Surg NOT Pediat NOT Paediat)) OR AD=(baskent univ SAME (Kalp Damar Cer* NOT Cocuk)) OR AD=(baskent univ SAME (Cardiothoras OR Cardiac OR Cardiothorac)) OR (AD= baskent univ AND (AU=Sezgin Atilla)) OR (AD= baskent univ AND (AU=Aslamaci S)) OR (AD= baskent univ AND (AU=Akay T)),W3sidCI6IkFEPShiYXNrZW50IHVuaXYgU0FNRSAoQ2FyZGlvdmFzYyBTdXJnIE5PVCBQZWRpYXQgTk9UIFBhZWRpYXQpKSBPUiBBRD0oYmFza2VudCB1bml2IFNBTUUgKEthbHAgRGFtYXIgQ2VyKiBOT1QgQ29jdWspKSBPUiBBRD0oYmFza2VudCB1bml2IFNBTUUgKENhcmRpb3Rob3JhcyBPUiBDYXJkaWFjIE9SIENhcmRpb3Rob3JhYykpIE9SIChBRD0gYmFza2VudCB1bml2IEFORCAoQVU9U2V6Z2luIEF0aWxsYSkpIE9SIChBRD0gYmFza2VudCB1bml2IEFORCAoQVU9QXNsYW1hY2kgUykpIE9SIChBRD0gYmFza2VudCB1bml2IEFORCAoQVU9QWtheSBUKSlcbiJ9XQ
Çocuk Kalp ve Damar Cerrahisi,AD=(baskent univ SAME (Pediat Cardiovasc Surg OR Paediat Cardiovasc Surg OR Cocuk Kalp Cer*)),W3sidCI6IkFEPShiYXNrZW50IHVuaXYgU0FNRSAoUGVkaWF0IENhcmRpb3Zhc2MgU3VyZyBPUiBQYWVkaWF0IENhcmRpb3Zhc2MgU3VyZyBPUiBDb2N1ayBLYWxwIENlciopKVxuIn1d
Kulak-Burun-Boğaz Hastalıkları,AD=(baskent univ SAME (Otorhinolaryngol OR Head & Neck OR ENT OR Otolaryngol OR Kulak)) OR (AD= baskent univ AND ((AU=Ozluoglu L ) OR (AU=Aydin Erdinc ))),W3sidCI6IkFEPShiYXNrZW50IHVuaXYgU0FNRSAoT3Rvcmhpbm9sYXJ5bmdvbCBPUiBIZWFkICYgTmVjayBPUiBFTlQgT1IgT3RvbGFyeW5nb2wgT1IgS3VsYWspKSBPUiAoQUQ9IGJhc2tlbnQgdW5pdiBBTkQgKChBVT1Pemx1b2dsdSBMICkgT1IgKEFVPUF5ZGluIEVyZGluYyApKSlcbiJ9XQ
Ortopedi ve Travmatoloji,AD=(baskent univ SAME (Orthopaed OR Trauma OR Ortoped* Orthoped*)),W3sidCI6IkFEPShiYXNrZW50IHVuaXYgU0FNRSAoT3J0aG9wYWVkIE9SIFRyYXVtYSBPUiBPcnRvcGVkKiBPcnRob3BlZCopKVxuIn1d
Plastik ve Rekonstrüktif Cerrahi,AD=(baskent univ SAME (Reconstruct Surg OR Plast*)) OR (AD= baskent univ AND (AU=Borman H)) OR (AD= baskent univ AND (AU=Uysal AC)) OR (AD= baskent univ AND (AU=Uysal CA)) OR (AD= baskent univ AND (AU=Ertas Nilgun)),W3sidCI6IkFEPShiYXNrZW50IHVuaXYgU0FNRSAoUmVjb25zdHJ1Y3QgU3VyZyBPUiBQbGFzdCopKSBPUiAoQUQ9IGJhc2tlbnQgdW5pdiBBTkQgKEFVPUJvcm1hbiBIKSkgT1IgKEFEPSBiYXNrZW50IHVuaXYgQU5EIChBVT1VeXNhbCBBQykpIE9SIChBRD0gYmFza2VudCB1bml2IEFORCAoQVU9VXlzYWwgQ0EpKSBPUiAoQUQ9IGJhc2tlbnQgdW5pdiBBTkQgKEFVPUVydGFzIE5pbGd1bikpXG4ifV0
Tıbbi Patoloji,AD=(baskent univ SAME (Pathol OR Patol*)) OR (AD= baskent univ AND ((AU=Ozdemir BH) OR (AU=Oezdemir Handan) OR (AU=Kayaselcuk F))),W3sidCI6IkFEPShiYXNrZW50IHVuaXYgU0FNRSAoUGF0aG9sIE9SIFBhdG9sKikpIE9SIChBRD0gYmFza2VudCB1bml2IEFORCAoKEFVPU96ZGVtaXIgQkgpIE9SIChBVT1PZXpkZW1pciBIYW5kYW4pIE9SIChBVT1LYXlhc2VsY3VrIEYpKSlcbiJ9XQ
Üroloji,AD=(baskent univ SAME Urol*) OR (AD= baskent univ AND ((AU=Aygun Cem ) OR (AU=Ozkardes H ))),W3sidCI6IkFEPShiYXNrZW50IHVuaXYgU0FNRSBVcm9sKikgT1IgKEFEPSBiYXNrZW50IHVuaXYgQU5EICgoQVU9QXlndW4gQ2VtICkgT1IgKEFVPU96a2FyZGVzIEggKSkpXG4ifV0
Acil Tıp,AD=(baskent univ SAME (Emergency OR Acil)),W3sidCI6IkFEPShiYXNrZW50IHVuaXYgU0FNRSAoRW1lcmdlbmN5IE9SIEFjaWwpKSJ9XQ
Adli Tıp,AD=(baskent univ SAME (Adli OR Foren*)) OR (AD= baskent univ AND (AU=Buken E)),W3sidCI6IkFEPShiYXNrZW50IHVuaXYgU0FNRSAoQWRsaSBPUiBGb3JlbiopKSBPUiAoQUQ9IGJhc2tlbnQgdW5pdiBBTkQgKEFVPUJ1a2VuIEUpKVxuIn1d
Aile hekimliği,AD=(baskent univ SAME Family Med) OR (AD= baskent univ AND (AU=Oksuz E)) OR (AD= baskent univ AND (AU=Kut A)),W3sidCI6IkFEPShiYXNrZW50IHVuaXYgU0FNRSBGYW1pbHkgTWVkKSBPUiAoQUQ9IGJhc2tlbnQgdW5pdiBBTkQgKEFVPU9rc3V6IEUpKSBPUiAoQUQ9IGJhc2tlbnQgdW5pdiBBTkQgKEFVPUt1dCBBKSlcbiJ9XQ
Çocuk Sağlığı ve Hastalıkları,AD=(baskent univ SAME (Pediat OR Paediat OR Child)) OR AD=(baskent univ SAME (Cocuk NOT Cerrahisi NOT Ruh NOT Psikiya*)) OR (AD= baskent univ AND (AU=Baskin E)),W3sidCI6IkFEPShiYXNrZW50IHVuaXYgU0FNRSAoUGVkaWF0IE9SIFBhZWRpYXQgT1IgQ2hpbGQpKSBPUiBBRD0oYmFza2VudCB1bml2IFNBTUUgKENvY3VrIE5PVCBDZXJyYWhpc2kgTk9UIFJ1aCBOT1QgUHNpa2l5YSopKSBPUiAoQUQ9IGJhc2tlbnQgdW5pdiBBTkQgKEFVPUJhc2tpbiBFKSlcbiJ9XQ
Çocuk Allerjisi,AD=(baskent univ SAME (Pediat Aller* OR Paediat Aller* OR Child Aller* OR Cocuk Aller*)) OR (AD= baskent univ AND (AU=Ozbek Ozlem)),W3sidCI6IkFEPShiYXNrZW50IHVuaXYgU0FNRSAoUGVkaWF0IEFsbGVyKiBPUiBQYWVkaWF0IEFsbGVyKiBPUiBDaGlsZCBBbGxlciogT1IgQ29jdWsgQWxsZXIqKSkgT1IgKEFEPSBiYXNrZW50IHVuaXYgQU5EIChBVT1PemJlayBPemxlbSkpIn1d
Çocuk Endokrinolojisi,(AD=(baskent univ SAME (Pediyat* Endokrin*  OR Pediat Endocrin* OR Paediat Endocrin* OR Cocuk Endokrin*)) OR (AD= baskent univ AND (AU=Sangun Ozlem OR AU=Kinik ST)) ) NOT UT=(WOS:000598886500003),W3sidCI6IihBRD0oYmFza2VudCB1bml2IFNBTUUgKFBlZGl5YXQqIEVuZG9rcmluKiAgT1IgUGVkaWF0IEVuZG9jcmluKiBPUiBQYWVkaWF0IEVuZG9jcmluKiBPUiBDb2N1ayBFbmRva3JpbiopKSBPUiAoQUQ9IGJhc2tlbnQgdW5pdiBBTkQgKEFVPVNhbmd1biBPemxlbSBPUiBBVT1LaW5payBTVCkpICkgTk9UIFVUPShXT1M6MDAwNTk4ODg2NTAwMDAzKSJ9XQ
Çocuk Gastroenteroloji-Hepatoloji Ve Beslenme,AD=(baskent univ SAME (Pediat Gastroenterol OR Paediat Gastroenterol OR Cocuk Gastro*)) OR (AD= baskent univ AND (AU=Ozcay Figen)),W3sidCI6IkFEPShiYXNrZW50IHVuaXYgU0FNRSAoUGVkaWF0IEdhc3Ryb2VudGVyb2wgT1IgUGFlZGlhdCBHYXN0cm9lbnRlcm9sIE9SIENvY3VrIEdhc3RybyopKSBPUiAoQUQ9IGJhc2tlbnQgdW5pdiBBTkQgKEFVPU96Y2F5IEZpZ2VuKSlcbiJ9XQ
Çocuk Hematoloji - Onkoloji,AD=(baskent univ SAME (Pediat Hemato* OR Paediat Hemato* OR Cocuk Hemato* OR Paediat Haemato*)) OR (AD= baskent univ AND (AU=Sarialioglu F)) OR (AD= baskent univ AND (AU=Olcay Lale)),W3sidCI6IkFEPShiYXNrZW50IHVuaXYgU0FNRSAoUGVkaWF0IEhlbWF0byogT1IgUGFlZGlhdCBIZW1hdG8qIE9SIENvY3VrIEhlbWF0byogT1IgUGFlZGlhdCBIYWVtYXRvKikpIE9SIChBRD0gYmFza2VudCB1bml2IEFORCAoQVU9U2FyaWFsaW9nbHUgRikpIE9SIChBRD0gYmFza2VudCB1bml2IEFORCAoQVU9T2xjYXkgTGFsZSkpIn1d
Çocuk Kardiyoloji,AD=(baskent univ SAME (Pediat Cardiol OR Paediat Cardiol OR Pediat Kardiyol* OR Pediyat Kardiyol* OR Cocuk Kardiyol*)) OR (AD= baskent univ AND (AU=Tokel K)) OR (AD= baskent univ AND (AU=Tokel N)) OR (AD= baskent univ AND (AU=Varan Birgul)) OR (AD= baskent univ AND (AU=Erdogan Ilkay)),W3sidCI6IkFEPShiYXNrZW50IHVuaXYgU0FNRSAoUGVkaWF0IENhcmRpb2wgT1IgUGFlZGlhdCBDYXJkaW9sIE9SIFBlZGlhdCBLYXJkaXlvbCogT1IgUGVkaXlhdCBLYXJkaXlvbCogT1IgQ29jdWsgS2FyZGl5b2wqKSkgT1IgKEFEPSBiYXNrZW50IHVuaXYgQU5EIChBVT1Ub2tlbCBLKSkgT1IgKEFEPSBiYXNrZW50IHVuaXYgQU5EIChBVT1Ub2tlbCBOKSkgT1IgKEFEPSBiYXNrZW50IHVuaXYgQU5EIChBVT1WYXJhbiBCaXJndWwpKSBPUiAoQUQ9IGJhc2tlbnQgdW5pdiBBTkQgKEFVPUVyZG9nYW4gSWxrYXkpKVxuIn1d
Çocuk Nefroloji,AD=(baskent univ SAME (Pediat Nephrol OR Paediat Nephrol OR Cocuk Nef*)) OR (AD= baskent univ AND ((AU=Baskin E ) OR (AU=Gulleroglu K ))),W3sidCI6IkFEPShiYXNrZW50IHVuaXYgU0FNRSAoUGVkaWF0IE5lcGhyb2wgT1IgUGFlZGlhdCBOZXBocm9sIE9SIENvY3VrIE5lZiopKSBPUiAoQUQ9IGJhc2tlbnQgdW5pdiBBTkQgKChBVT1CYXNraW4gRSApIE9SIChBVT1HdWxsZXJvZ2x1IEsgKSkpIn1d
Çocuk Nöroloji,AD=(baskent univ SAME (Ped* Neurol* OR Paed* Neurol* OR Cocuk Norol* OR Ped* Norol* OR Dept Pediat Div Neurol OR Child* Neurol* ))  OR (AD= baskent univ AND (AU=Erol Ilknur OR AU=Alehan F)),W3sidCI6IkFEPShiYXNrZW50IHVuaXYgU0FNRSAoUGVkKiBOZXVyb2wqIE9SIFBhZWQqIE5ldXJvbCogT1IgQ29jdWsgTm9yb2wqIE9SIFBlZCogTm9yb2wqIE9SIERlcHQgUGVkaWF0IERpdiBOZXVyb2wgT1IgQ2hpbGQqIE5ldXJvbCogKSkgIE9SIChBRD0gYmFza2VudCB1bml2IEFORCAoQVU9RXJvbCBJbGtudXIgT1IgQVU9QWxlaGFuIEYpKVxuIn1d
Çocuk Enfeksiyon,AD=(baskent univ SAME (Pediat Infec* OR Paediat Infec*)) OR (AD= baskent univ AND (AU=Ecevit Zafer)),W3sidCI6IkFEPShiYXNrZW50IHVuaXYgU0FNRSAoUGVkaWF0IEluZmVjKiBPUiBQYWVkaWF0IEluZmVjKikpIE9SIChBRD0gYmFza2VudCB1bml2IEFORCAoQVU9RWNldml0IFphZmVyKSlcbiJ9XQ
Yenidoğan,AD=(baskent univ SAME (Neonatol OR Yenidogan)) OR (AD= baskent univ AND ((AU=Gurakan B) OR (AU=Tarcan A ) OR (AU=Ecevit A))),W3sidCI6IkFEPShiYXNrZW50IHVuaXYgU0FNRSAoTmVvbmF0b2wgT1IgWWVuaWRvZ2FuKSkgT1IgKEFEPSBiYXNrZW50IHVuaXYgQU5EICgoQVU9R3VyYWthbiBCKSBPUiAoQVU9VGFyY2FuIEEgKSBPUiAoQVU9RWNldml0IEEpKSlcbiJ9XQ
Çocuk ve Ergen Ruh Sağlığı Hastalıkları,AD=(baskent univ SAME (Child & Adolescent Psychiat OR Ergen Ruh OR Cocuk Psikiyatri* )),W3sidCI6IkFEPShiYXNrZW50IHVuaXYgU0FNRSAoQ2hpbGQgJiBBZG9sZXNjZW50IFBzeWNoaWF0IE9SIEVyZ2VuIFJ1aCBPUiBDb2N1ayBQc2lraXlhdHJpKiApKVxuIn1d
Dermatoloji,AD=(baskent univ SAME (Dermatol* OR Deri OR Zuhrevi)) OR (AD= baskent univ AND ((AU=Seckin Deniz) OR (AU=Gulec AT) OR (AU=Ozcan Deren))),W3sidCI6IkFEPShiYXNrZW50IHVuaXYgU0FNRSAoRGVybWF0b2wqIE9SIERlcmkgT1IgWnVocmV2aSkpIE9SIChBRD0gYmFza2VudCB1bml2IEFORCAoKEFVPVNlY2tpbiBEZW5peikgT1IgKEFVPUd1bGVjIEFUKSBPUiAoQVU9T3pjYW4gRGVyZW4pKSlcbiJ9XQ
Enfeksiyon Hastalıkları ve Klinik Mikrobiyoloji,AD=(baskent univ SAME (Infect Dis NOT Pediat NOT Paediat NOT Cocuk)) OR AD=(baskent univ SAME (Infeksiyon NOT Cocuk)) OR AD=(baskent univ SAME (Enfeksiyon NOT Cocuk)) OR (AD= baskent univ AND ((AU=Azap OK) OR (AU=Arslan Hande) OR (AU=Demiroglu Yusuf))),W3sidCI6IkFEPShiYXNrZW50IHVuaXYgU0FNRSAoSW5mZWN0IERpcyBOT1QgUGVkaWF0IE5PVCBQYWVkaWF0IE5PVCBDb2N1aykpIE9SIEFEPShiYXNrZW50IHVuaXYgU0FNRSAoSW5mZWtzaXlvbiBOT1QgQ29jdWspKSBPUiBBRD0oYmFza2VudCB1bml2IFNBTUUgKEVuZmVrc2l5b24gTk9UIENvY3VrKSkgT1IgKEFEPSBiYXNrZW50IHVuaXYgQU5EICgoQVU9QXphcCBPSykgT1IgKEFVPUFyc2xhbiBIYW5kZSkgT1IgKEFVPURlbWlyb2dsdSBZdXN1ZikpKVxuIn1d
Fiziksel Tıp ve Rehabilitasyon,AD=(baskent univ SAME (Phys Med OR Phys Therapy OR Fizik Tedavi)) OR (AD= baskent univ AND ((AU=Karatas Metin) OR (AU=Sozay Seyhan) OR (AU=Leblebici B) OR (AU=Tuzun EH) OR (AU=Turhan Nur) OR (AU=Adam Mehmet) OR (AU=Yemisci OU) )),W3sidCI6IkFEPShiYXNrZW50IHVuaXYgU0FNRSAoUGh5cyBNZWQgT1IgUGh5cyBUaGVyYXB5IE9SIEZpemlrIFRlZGF2aSkpIE9SIChBRD0gYmFza2VudCB1bml2IEFORCAoKEFVPUthcmF0YXMgTWV0aW4pIE9SIChBVT1Tb3pheSBTZXloYW4pIE9SIChBVT1MZWJsZWJpY2kgQikgT1IgKEFVPVR1enVuIEVIKSBPUiAoQVU9VHVyaGFuIE51cikgT1IgKEFVPUFkYW0gTWVobWV0KSBPUiAoQVU9WWVtaXNjaSBPVSkgKSlcbiJ9XQ
Göğüs Hastalıkları,AD=(baskent univ SAME (Pulm* OR Gogus Has*)) OR (AD= baskent univ AND ((AU=Akcay Sule) OR (AU=Eyuboglu FO) OR (AU=Ulubay Gaye) OR (AU=Kupeli Elif) OR (AU=Bozbas SS))),W3sidCI6IkFEPShiYXNrZW50IHVuaXYgU0FNRSAoUHVsbSogT1IgR29ndXMgSGFzKikpIE9SIChBRD0gYmFza2VudCB1bml2IEFORCAoKEFVPUFrY2F5IFN1bGUpIE9SIChBVT1FeXVib2dsdSBGTykgT1IgKEFVPVVsdWJheSBHYXllKSBPUiAoQVU9S3VwZWxpIEVsaWYpIE9SIChBVT1Cb3piYXMgU1MpKSkifV0
Halk Sağlığı,AD=(baskent univ SAME Publ Hlth) OR (AD= baskent univ AND ((AU=Akin Ayse ) OR (AU=Erdal Rengin ) OR (AU=Ozcan Cihangir ) OR (AU=Akdur Recep ) OR (AU=Durukan Elif ))),W3sidCI6IkFEPShiYXNrZW50IHVuaXYgU0FNRSBQdWJsIEhsdGgpIE9SIChBRD0gYmFza2VudCB1bml2IEFORCAoKEFVPUFraW4gQXlzZSApIE9SIChBVT1FcmRhbCBSZW5naW4gKSBPUiAoQVU9T3pjYW4gQ2loYW5naXIgKSBPUiAoQVU9QWtkdXIgUmVjZXAgKSBPUiAoQVU9RHVydWthbiBFbGlmICkpKVxuIn1d
İç Hastalıkları,AD=(baskent univ SAME (Internal Med OR Ic Hastaliklari OR Dahiliye)),W3sidCI6IkFEPShiYXNrZW50IHVuaXYgU0FNRSAoSW50ZXJuYWwgTWVkIE9SIEljIEhhc3RhbGlrbGFyaSBPUiBEYWhpbGl5ZSkpIn1d
Endokrinoloji ve Metabolizma,AD=(baskent univ SAME (Endocrinol NOT Pediat NOT Paediat NOT Reprod )) OR AD=(baskent univ SAME (Endokrin* NOT Cocuk)) OR (AD= baskent univ AND ((AU=Tutuncu NB) OR (AU=Demirag NG) OR (AU=Ertorer ME) OR (AU=Sahin Mustafa) OR (AU=Gursoy Alptekin) )),W3sidCI6IkFEPShiYXNrZW50IHVuaXYgU0FNRSAoRW5kb2NyaW5vbCBOT1QgUGVkaWF0IE5PVCBQYWVkaWF0IE5PVCBSZXByb2QgKSkgT1IgQUQ9KGJhc2tlbnQgdW5pdiBTQU1FIChFbmRva3JpbiogTk9UIENvY3VrKSkgT1IgKEFEPSBiYXNrZW50IHVuaXYgQU5EICgoQVU9VHV0dW5jdSBOQikgT1IgKEFVPURlbWlyYWcgTkcpIE9SIChBVT1FcnRvcmVyIE1FKSBPUiAoQVU9U2FoaW4gTXVzdGFmYSkgT1IgKEFVPUd1cnNveSBBbHB0ZWtpbikgKSlcbiJ9XQ
Gastroenteroloji,AD=(baskent univ SAME (Gastroenterol NOT Pediat NOT Paediat NOT Cocuk)) OR AD=(baskent univ SAME Gastroenterohepatol*) OR (AD= baskent univ AND ((AU=Boyacioglu Sedat) OR (AU=Selcuk H) )),W3sidCI6IkFEPShiYXNrZW50IHVuaXYgU0FNRSAoR2FzdHJvZW50ZXJvbCBOT1QgUGVkaWF0IE5PVCBQYWVkaWF0IE5PVCBDb2N1aykpIE9SIEFEPShiYXNrZW50IHVuaXYgU0FNRSBHYXN0cm9lbnRlcm9oZXBhdG9sKikgT1IgKEFEPSBiYXNrZW50IHVuaXYgQU5EICgoQVU9Qm95YWNpb2dsdSBTZWRhdCkgT1IgKEFVPVNlbGN1ayBIKSApKSJ9XQ
Genel Dahiliye,AD=(baskent univ SAME (Internal Med OR Ic Hastaliklari OR Dahiliye) NOT(Endo* OR Nephro* OR Nefro* OR Hemat* OR Haemat* OR Onco* OR Onko* OR Gastro* OR Ger* OR Immun* OR Aller* OR Rheum* OR Romat* OR Cardio* OR Kardiyo*)) OR (AD=baskent univ AND (AU=Oguz AK)),W3sidCI6IkFEPShiYXNrZW50IHVuaXYgU0FNRSAoSW50ZXJuYWwgTWVkIE9SIEljIEhhc3RhbGlrbGFyaSBPUiBEYWhpbGl5ZSkgTk9UKEVuZG8qIE9SIE5lcGhybyogT1IgTmVmcm8qIE9SIEhlbWF0KiBPUiBIYWVtYXQqIE9SIE9uY28qIE9SIE9ua28qIE9SIEdhc3RybyogT1IgR2VyKiBPUiBJbW11biogT1IgQWxsZXIqIE9SIFJoZXVtKiBPUiBSb21hdCogT1IgQ2FyZGlvKiBPUiBLYXJkaXlvKikpIE9SIChBRD1iYXNrZW50IHVuaXYgQU5EIChBVT1PZ3V6IEFLKSkifV0
Geriatri,AD=(baskent univ SAME (Geriat* OR Geriyat*) NOT (Rehabil )) OR (AD= baskent univ AND (AU=Doruk Huseyin)),W3sidCI6IkFEPShiYXNrZW50IHVuaXYgU0FNRSAoR2VyaWF0KiBPUiBHZXJpeWF0KikgTk9UIChSZWhhYmlsICkpIE9SIChBRD0gYmFza2VudCB1bml2IEFORCAoQVU9RG9ydWsgSHVzZXlpbikpIn1d
Hematoloji,AD=(baskent univ SAME ((Hematol OR Haematol) NOT Pediat NOT Paediat NOT Cocuk)) OR AD=(baskent univ SAME (Bone Marrow NOT Child NOT Pediat NOT Paediat)) OR (AD= baskent univ AND ( (AU= (Karakus S NOT Karakus SH NOT Karakus Sezen) ) OR (AU=Boga Can) OR (AU=Ozdogu Hakan) OR (AU=Koca Ebru))),W3sidCI6IkFEPShiYXNrZW50IHVuaXYgU0FNRSAoKEhlbWF0b2wgT1IgSGFlbWF0b2wpIE5PVCBQZWRpYXQgTk9UIFBhZWRpYXQgTk9UIENvY3VrKSkgT1IgQUQ9KGJhc2tlbnQgdW5pdiBTQU1FIChCb25lIE1hcnJvdyBOT1QgQ2hpbGQgTk9UIFBlZGlhdCBOT1QgUGFlZGlhdCkpIE9SIChBRD0gYmFza2VudCB1bml2IEFORCAoIChBVT0gKEthcmFrdXMgUyBOT1QgS2FyYWt1cyBTSCBOT1QgS2FyYWt1cyBTZXplbikgKSBPUiAoQVU9Qm9nYSBDYW4pIE9SIChBVT1PemRvZ3UgSGFrYW4pIE9SIChBVT1Lb2NhIEVicnUpKSlcbiJ9XQ
İmmünoloji,AD=(baskent univ SAME (Aller* NOT Pediat NOT Paediat NOT Cocuk NOT Pulm)) OR (AD= baskent univ AND (AU=Musabak U)) NOT UT=(WOS:000415357200001 OR WOS:000384800700018),W3sidCI6IkFEPShiYXNrZW50IHVuaXYgU0FNRSAoQWxsZXIqIE5PVCBQZWRpYXQgTk9UIFBhZWRpYXQgTk9UIENvY3VrIE5PVCBQdWxtKSkgT1IgKEFEPSBiYXNrZW50IHVuaXYgQU5EIChBVT1NdXNhYmFrIFUpKSBOT1QgVVQ9KFdPUzowMDA0MTUzNTcyMDAwMDEgT1IgV09TOjAwMDM4NDgwMDcwMDAxOCkifV0
Nefroloji,AD=(baskent univ SAME (Nephrol NOT Pediat NOT Paediat)) OR AD=(baskent univ SAME (Nefrol* OR Dialysis Unit)) OR (AD= baskent univ AND ((AU=Sezer Siren) OR (AU=Tutal Emre) OR (AU=Ozdemir Nurhan) OR (AU=Colak Turan))),W3sidCI6IkFEPShiYXNrZW50IHVuaXYgU0FNRSAoTmVwaHJvbCBOT1QgUGVkaWF0IE5PVCBQYWVkaWF0KSkgT1IgQUQ9KGJhc2tlbnQgdW5pdiBTQU1FIChOZWZyb2wqIE9SIERpYWx5c2lzIFVuaXQpKSBPUiAoQUQ9IGJhc2tlbnQgdW5pdiBBTkQgKChBVT1TZXplciBTaXJlbikgT1IgKEFVPVR1dGFsIEVtcmUpIE9SIChBVT1PemRlbWlyIE51cmhhbikgT1IgKEFVPUNvbGFrIFR1cmFuKSkpIn1d
Romatoloji,AD=(baskent univ SAME (Rheumatol NOT Pediat NOT Paediat)) OR AD=(baskent univ SAME (Romatol* NOT Pedi* )) OR (AD= baskent univ AND ((AU=Kart-Koseoglu H) OR (AU=Yucel AE) OR (AU=Bitik B) )),W3sidCI6IkFEPShiYXNrZW50IHVuaXYgU0FNRSAoUmhldW1hdG9sIE5PVCBQZWRpYXQgTk9UIFBhZWRpYXQpKSBPUiBBRD0oYmFza2VudCB1bml2IFNBTUUgKFJvbWF0b2wqIE5PVCBQZWRpKiApKSBPUiAoQUQ9IGJhc2tlbnQgdW5pdiBBTkQgKChBVT1LYXJ0LUtvc2VvZ2x1IEgpIE9SIChBVT1ZdWNlbCBBRSkgT1IgKEFVPUJpdGlrIEIpICkpIn1d
Tıbbi Onkoloji,AD=(baskent univ SAME Med Oncol) OR (AD=baskent univ AND ( (AU=Altundag O) OR (AI=W-9219-2019) OR (AU=Ozyilkan O) OR (AU=Abali H) OR (AU=Sezer Ahmet) OR (AU=Mertsoylu H) OR (AI=U-7339-2017) OR (AU=Kose Fatih) OR (AU=Besen A) OR (AU=Sumbul A) )),W3sidCI6IkFEPShiYXNrZW50IHVuaXYgU0FNRSBNZWQgT25jb2wpIE9SIChBRD1iYXNrZW50IHVuaXYgQU5EICggKEFVPUFsdHVuZGFnIE8pIE9SIChBST1XLTkyMTktMjAxOSkgT1IgKEFVPU96eWlsa2FuIE8pIE9SIChBVT1BYmFsaSBIKSBPUiAoQVU9U2V6ZXIgQWhtZXQpIE9SIChBVT1NZXJ0c295bHUgSCkgT1IgKEFJPVUtNzMzOS0yMDE3KSBPUiAoQVU9S29zZSBGYXRpaCkgT1IgKEFVPUJlc2VuIEEpIE9SIChBVT1TdW1idWwgQSkgKSlcbiJ9XQ
Kardiyoloji,AD=(baskent univ SAME (Cardiol NOT Pediat NOT Paediat)) OR AD=(baskent univ SAME (Kardiyol* NOT Pediat* NOT Pediyat* NOT Cocuk)) OR (OG=Baskent University AND (AU=(Yigit F OR Yildirir A OR Muderrisoglu H OR Sade LE))),W3sidCI6IkFEPShiYXNrZW50IHVuaXYgU0FNRSAoQ2FyZGlvbCBOT1QgUGVkaWF0IE5PVCBQYWVkaWF0KSkgT1IgQUQ9KGJhc2tlbnQgdW5pdiBTQU1FIChLYXJkaXlvbCogTk9UIFBlZGlhdCogTk9UIFBlZGl5YXQqIE5PVCBDb2N1aykpIE9SIChPRz1CYXNrZW50IFVuaXZlcnNpdHkgQU5EIChBVT0oWWlnaXQgRiBPUiBZaWxkaXJpciBBIE9SIE11ZGVycmlzb2dsdSBIIE9SIFNhZGUgTEUpKSkifV0
Nöroloji,AD=(baskent univ SAME (Neurol NOT Pediat NOT Paediat)) OR AD=(baskent univ SAME (Norol* NOT Cocuk)) OR (AD= baskent univ AND ((AU=Can Ufuk) OR (AU=Benli Sibel) )),W3sidCI6IkFEPShiYXNrZW50IHVuaXYgU0FNRSAoTmV1cm9sIE5PVCBQZWRpYXQgTk9UIFBhZWRpYXQpKSBPUiBBRD0oYmFza2VudCB1bml2IFNBTUUgKE5vcm9sKiBOT1QgQ29jdWspKSBPUiAoQUQ9IGJhc2tlbnQgdW5pdiBBTkQgKChBVT1DYW4gVWZ1aykgT1IgKEFVPUJlbmxpIFNpYmVsKSApKVxuIn1d
Nükleer Tıp,AD=(baskent univ SAME (Nucl Med OR Nukleer Tip)) OR (AD= baskent univ AND ((AU=Aktas Ayse) OR (AU=Yapar AF) OR (AU=Gencoglu A)) ),W3sidCI6IkFEPShiYXNrZW50IHVuaXYgU0FNRSAoTnVjbCBNZWQgT1IgTnVrbGVlciBUaXApKSBPUiAoQUQ9IGJhc2tlbnQgdW5pdiBBTkQgKChBVT1Ba3RhcyBBeXNlKSBPUiAoQVU9WWFwYXIgQUYpIE9SIChBVT1HZW5jb2dsdSBBKSkgKVxuIn1d
Radyasyon Onkolojisi,AD=(baskent univ SAME Radiat Oncol) OR (AD= baskent univ AND ((AU=Guler OC) OR (AU=Onal Cem) OR (AU=Topkan Erkan) )),W3sidCI6IkFEPShiYXNrZW50IHVuaXYgU0FNRSBSYWRpYXQgT25jb2wpIE9SIChBRD0gYmFza2VudCB1bml2IEFORCAoKEFVPUd1bGVyIE9DKSBPUiAoQVU9T25hbCBDZW0pIE9SIChBVT1Ub3BrYW4gRXJrYW4pICkpXG4ifV0
Radyoloji,AD=(baskent univ SAME (Radiol NOT Pediat NOT Paediat NOT Cocuk NOT Dent)) OR AD=(baskent univ SAME (Radyol* NOT Cocuk)) OR AD=(baskent univ SAME (Radyodi* OR Radyoliji)) OR AD=(baskent univ SAME (Radiodi* NOT Dent)) OR (AD= baskent univ AND ((AU=Yerli H) OR (AU=Elcin Aydin) OR (AU=Agildere AM) OR (AU=Uslu Nihal) OR (AU=Boyvat Fatih) OR (AU=Coskun Mehmet))),W3sidCI6IkFEPShiYXNrZW50IHVuaXYgU0FNRSAoUmFkaW9sIE5PVCBQZWRpYXQgTk9UIFBhZWRpYXQgTk9UIENvY3VrIE5PVCBEZW50KSkgT1IgQUQ9KGJhc2tlbnQgdW5pdiBTQU1FIChSYWR5b2wqIE5PVCBDb2N1aykpIE9SIEFEPShiYXNrZW50IHVuaXYgU0FNRSAoUmFkeW9kaSogT1IgUmFkeW9saWppKSkgT1IgQUQ9KGJhc2tlbnQgdW5pdiBTQU1FIChSYWRpb2RpKiBOT1QgRGVudCkpIE9SIChBRD0gYmFza2VudCB1bml2IEFORCAoKEFVPVllcmxpIEgpIE9SIChBVT1FbGNpbiBBeWRpbikgT1IgKEFVPUFnaWxkZXJlIEFNKSBPUiAoQVU9VXNsdSBOaWhhbCkgT1IgKEFVPUJveXZhdCBGYXRpaCkgT1IgKEFVPUNvc2t1biBNZWhtZXQpKSlcbiJ9XQ
Ruh Sağlığı ve Hastalıkları,AD=(baskent univ SAME (Psychiat NOT Child NOT Adolescent)) OR AD=(baskent univ SAME (Psikiyatri* NOT Cocuk)) OR (AD= baskent univ AND ((AU=Ozcurumez Gamze) OR (AU=Ozcurumez Bilgili Gamze) )),W3sidCI6IkFEPShiYXNrZW50IHVuaXYgU0FNRSAoUHN5Y2hpYXQgTk9UIENoaWxkIE5PVCBBZG9sZXNjZW50KSkgT1IgQUQ9KGJhc2tlbnQgdW5pdiBTQU1FIChQc2lraXlhdHJpKiBOT1QgQ29jdWspKSBPUiAoQUQ9IGJhc2tlbnQgdW5pdiBBTkQgKChBVT1PemN1cnVtZXogR2FtemUpIE9SIChBVT1PemN1cnVtZXogQmlsZ2lsaSBHYW16ZSkgKSlcbiJ9XQ
Tıbbi Farmakoloji,AD=(baskent univ SAME (Pharma* OR Farma)) OR (AD= baskent univ AND ((AU=Erdem SR) OR (AU=Aydos TR) OR (AU=Unal MT) OR (AU=Tuncer Meral) OR (AU=Tufan Hale))),W3sidCI6IkFEPShiYXNrZW50IHVuaXYgU0FNRSAoUGhhcm1hKiBPUiBGYXJtYSkpIE9SIChBRD0gYmFza2VudCB1bml2IEFORCAoKEFVPUVyZGVtIFNSKSBPUiAoQVU9QXlkb3MgVFIpIE9SIChBVT1VbmFsIE1UKSBPUiAoQVU9VHVuY2VyIE1lcmFsKSBPUiAoQVU9VHVmYW4gSGFsZSkpKVxuIn1d
Tıbbi Genetik,AD=(baskent univ SAME Dept Med Genet) OR AD=(baskent univ SAME Div Med Genet) OR AD=(baskent univ SAME Fac Med SAME Dept Mol Biol) OR (AD= baskent univ AND ((AU=Terzi YK) OR (AU=Yilmaz Zerrin) OR (AU=Sahin FI))),W3sidCI6IkFEPShiYXNrZW50IHVuaXYgU0FNRSBEZXB0IE1lZCBHZW5ldCkgT1IgQUQ9KGJhc2tlbnQgdW5pdiBTQU1FIERpdiBNZWQgR2VuZXQpIE9SIEFEPShiYXNrZW50IHVuaXYgU0FNRSBGYWMgTWVkIFNBTUUgRGVwdCBNb2wgQmlvbCkgT1IgKEFEPSBiYXNrZW50IHVuaXYgQU5EICgoQVU9VGVyemkgWUspIE9SIChBVT1ZaWxtYXogWmVycmluKSBPUiAoQVU9U2FoaW4gRkkpKSlcbiJ9XQ
Anatomi,AD=(baskent univ SAME Anat*) OR ( AD= baskent univ AND ((AU=Kurkcuoglu A) OR (AU=Oktem Hale))),W3sidCI6IkFEPShiYXNrZW50IHVuaXYgU0FNRSBBbmF0KikgT1IgKCBBRD0gYmFza2VudCB1bml2IEFORCAoKEFVPUt1cmtjdW9nbHUgQSkgT1IgKEFVPU9rdGVtIEhhbGUpKSlcbiJ9XQ
Biyofizik,AD=(baskent univ SAME Biophys) OR AD=(baskent univ SAME Biyofizik*),W3sidCI6IkFEPShiYXNrZW50IHVuaXYgU0FNRSBCaW9waHlzKSBPUiBBRD0oYmFza2VudCB1bml2IFNBTUUgQml5b2ZpemlrKilcbiJ9XQ
Biyoistatistik,(AD=(baskent univ SAME Biostat) OR AD=(baskent univ SAME Biyoist*) OR (AD= baskent univ AND ((AU=Ogus Ersin)))) NOT AU=(Sariturk Cagla),W3sidCI6IihBRD0oYmFza2VudCB1bml2IFNBTUUgQmlvc3RhdCkgT1IgQUQ9KGJhc2tlbnQgdW5pdiBTQU1FIEJpeW9pc3QqKSBPUiAoQUQ9IGJhc2tlbnQgdW5pdiBBTkQgKChBVT1PZ3VzIEVyc2luKSkpKSBOT1QgQVU9KFNhcml0dXJrIENhZ2xhKVxuIn1d
Fizyoloji,AD=(baskent univ SAME Physiol*) OR AD=(baskent univ SAME Fizyol*) OR ( AD= baskent univ AND AU=(Kiziltan Erhan OR Dolu Nazan OR Cabioglu NT OR Kozanoglu Ilknur OR Gundogan NU) ),W3sidCI6IkFEPShiYXNrZW50IHVuaXYgU0FNRSBQaHlzaW9sKikgT1IgQUQ9KGJhc2tlbnQgdW5pdiBTQU1FIEZpenlvbCopIE9SICggQUQ9IGJhc2tlbnQgdW5pdiBBTkQgQVU9KEtpemlsdGFuIEVyaGFuIE9SIERvbHUgTmF6YW4gT1IgQ2FiaW9nbHUgTlQgT1IgS296YW5vZ2x1IElsa251ciBPUiBHdW5kb2dhbiBOVSkgKVxuIn1d
Histoloji ve Embriyoloji,AD=(baskent univ SAME Histol*) OR (AD= baskent univ AND (AU=Dagdeviren A)),W3sidCI6IkFEPShiYXNrZW50IHVuaXYgU0FNRSBIaXN0b2wqKSBPUiAoQUQ9IGJhc2tlbnQgdW5pdiBBTkQgKEFVPURhZ2RldmlyZW4gQSkpXG4ifV0
İmmünoloji,AD=(baskent univ SAME Dept Immun*) OR AD=(baskent univ SAME Transplantat & Tissue Typing Lab) OR (AD= baskent univ AND ((AU=Basturk Bilkay) OR (AU=(Inal Ali))) ),W3sidCI6IkFEPShiYXNrZW50IHVuaXYgU0FNRSBEZXB0IEltbXVuKikgT1IgQUQ9KGJhc2tlbnQgdW5pdiBTQU1FIFRyYW5zcGxhbnRhdCAmIFRpc3N1ZSBUeXBpbmcgTGFiKSBPUiAoQUQ9IGJhc2tlbnQgdW5pdiBBTkQgKChBVT1CYXN0dXJrIEJpbGtheSkgT1IgKEFVPShJbmFsIEFsaSkpKSApXG4ifV0
Tıbbi Biyokimya,AD=(baskent univ SAME (Biochem OR Biyokimya*)) OR ( AD= baskent univ AND ((AU=Turkoglu Suna) OR (AU=Eroglu Derya) OR (AU=Bayraktar Nilufer) OR (AU=Kulaksizoglu S))),W3sidCI6IkFEPShiYXNrZW50IHVuaXYgU0FNRSAoQmlvY2hlbSBPUiBCaXlva2lteWEqKSkgT1IgKCBBRD0gYmFza2VudCB1bml2IEFORCAoKEFVPVR1cmtvZ2x1IFN1bmEpIE9SIChBVT1Fcm9nbHUgRGVyeWEpIE9SIChBVT1CYXlyYWt0YXIgTmlsdWZlcikgT1IgKEFVPUt1bGFrc2l6b2dsdSBTKSkpXG4ifV0
Tıbbi Biyoloji,(AD=(baskent univ SAME (Med Biol OR Tıbbi Biyol* )) OR (AD= baskent univ AND (AU=(Atac B OR Atac Belgin OR Atac FB OR Atac F.B. OR Yurtcu Erkan OR Verdi H)))OR (OG=Baskent University AND AI=(0000-0001-6868-2165 OR ABG-9966-2020)))  NOT AU=(Beysel Selvihan) NOT UT = (WOS:000230928700003 OR WOS:000228113500009 OR WOS:000256837200007 OR WOS:000222431600006 OR WOS:000183846200013 OR WOS:000235816500020 OR WOS:000287803600007 OR WOS:000227267100006 OR WOS:000226793600011 OR WOS:000185571400006 OR WOS:000224169800009 OR WOS:000187624700011),W3sidCI6IihBRD0oYmFza2VudCB1bml2IFNBTUUgKE1lZCBCaW9sIE9SIFTEsWJiaSBCaXlvbCogKSkgT1IgKEFEPSBiYXNrZW50IHVuaXYgQU5EIChBVT0oQXRhYyBCIE9SIEF0YWMgQmVsZ2luIE9SIEF0YWMgRkIgT1IgQXRhYyBGLkIuIE9SIFl1cnRjdSBFcmthbiBPUiBWZXJkaSBIKSkpT1IgKE9HPUJhc2tlbnQgVW5pdmVyc2l0eSBBTkQgQUk9KDAwMDAtMDAwMS02ODY4LTIxNjUgT1IgQUJHLTk5NjYtMjAyMCkpKSAgTk9UIEFVPShCZXlzZWwgU2VsdmloYW4pIE5PVCBVVCA9IChXT1M6MDAwMjMwOTI4NzAwMDAzIE9SIFdPUzowMDAyMjgxMTM1MDAwMDkgT1IgV09TOjAwMDI1NjgzNzIwMDAwNyBPUiBXT1M6MDAwMjIyNDMxNjAwMDA2IE9SIFdPUzowMDAxODM4NDYyMDAwMTMgT1IgV09TOjAwMDIzNTgxNjUwMDAyMCBPUiBXT1M6MDAwMjg3ODAzNjAwMDA3IE9SIFdPUzowMDAyMjcyNjcxMDAwMDYgT1IgV09TOjAwMDIyNjc5MzYwMDAxMSBPUiBXT1M6MDAwMTg1NTcxNDAwMDA2IE9SIFdPUzowMDAyMjQxNjk4MDAwMDkgT1IgV09TOjAwMDE4NzYyNDcwMDAxMSlcbiJ9XQ
Tıbbi Mikrobiyoloji,AD=(baskent univ SAME Tıbbi Mikrobiyol*) OR AD=(baskent univ SAME Med Microbiol*) OR (AD= baskent univ AND ((AU=Basustaoglu Ahmet) OR AU=(Mirza Cenk) OR (AU=Demirbilek Muge) OR (AU=Demirbilek Muege) OR (AU=Aliskan Eda) OR (AU=Kocak Aylin Altay) )),W3sidCI6IkFEPShiYXNrZW50IHVuaXYgU0FNRSBUxLFiYmkgTWlrcm9iaXlvbCopIE9SIEFEPShiYXNrZW50IHVuaXYgU0FNRSBNZWQgTWljcm9iaW9sKikgT1IgKEFEPSBiYXNrZW50IHVuaXYgQU5EICgoQVU9QmFzdXN0YW9nbHUgQWhtZXQpIE9SIEFVPShNaXJ6YSBDZW5rKSBPUiAoQVU9RGVtaXJiaWxlayBNdWdlKSBPUiAoQVU9RGVtaXJiaWxlayBNdWVnZSkgT1IgKEFVPUFsaXNrYW4gRWRhKSBPUiAoQVU9S29jYWsgQXlsaW4gQWx0YXkpICkpXG4ifV0
Tıp Eğitimi,(AD=(baskent univ SAME Med* Educ*) AND (AU= (Balkan Arzu NOT Atalay KD) ) ) OR (AD= baskent univ AND ((AU=Bilgic Hayati) OR (AU=Cetinkaya Selma))),W3sidCI6IihBRD0oYmFza2VudCB1bml2IFNBTUUgTWVkKiBFZHVjKikgQU5EIChBVT0gKEJhbGthbiBBcnp1IE5PVCBBdGFsYXkgS0QpICkgKSBPUiAoQUQ9IGJhc2tlbnQgdW5pdiBBTkQgKChBVT1CaWxnaWMgSGF5YXRpKSBPUiAoQVU9Q2V0aW5rYXlhIFNlbG1hKSkpXG4ifV0
Tıp Tarihi ve Etik,AD=(baskent univ SAME (Tip Tarihi OR Med Hist)) OR (AD=baskent univ AND (AU=Yildirim RV)),W3sidCI6IkFEPShiYXNrZW50IHVuaXYgU0FNRSAoVGlwIFRhcmloaSBPUiBNZWQgSGlzdCkpIE9SIChBRD1iYXNrZW50IHVuaXYgQU5EIChBVT1ZaWxkaXJpbSBSVikpXG4ifV0
Fen Edebiyat Fakültesi-Moleküler Biyoloji ve Genetik,AD=(baskent univ SAME (Mol Biyol* OR Mol Biol*)),W3sidCI6IkFEPShiYXNrZW50IHVuaXYgU0FNRSAoTW9sIEJpeW9sKiBPUiBNb2wgQmlvbCopKVxuIn1d
Adana Alanya İzmir İstanbul Konya,( AD=(baskent univ SAME (Adana* OR Alanya* OR Izmir* OR Istanbul* OR Konya*))) NOT AD=(baskent univ SAME (Adana OR Konya OR Alanya OR Izmir OR Istanbul) SAME ((Dis hekimligi OR Dent* OR Nursing OR Periodontol* ))),W3sidCI6IiggQUQ9KGJhc2tlbnQgdW5pdiBTQU1FIChBZGFuYSogT1IgQWxhbnlhKiBPUiBJem1pciogT1IgSXN0YW5idWwqIE9SIEtvbnlhKikpKSBOT1QgQUQ9KGJhc2tlbnQgdW5pdiBTQU1FIChBZGFuYSBPUiBLb255YSBPUiBBbGFueWEgT1IgSXptaXIgT1IgSXN0YW5idWwpIFNBTUUgKChEaXMgaGVraW1saWdpIE9SIERlbnQqIE9SIE51cnNpbmcgT1IgUGVyaW9kb250b2wqICkpKVxuIn1d
Ankara ile ortak en az 1 dış merkez,( AD=(baskent univ SAME (Adana* OR Alanya* OR Izmir* OR Istanbul* OR Konya*)) AND AD=(baskent univ SAME (Ankara))) NOT AD=(baskent univ SAME (Adana OR Konya OR Alanya OR Izmir OR Istanbul) SAME ((Dis hekimligi OR Dent* OR Nursing OR Periodontol* ))),W3sidCI6IiggQUQ9KGJhc2tlbnQgdW5pdiBTQU1FIChBZGFuYSogT1IgQWxhbnlhKiBPUiBJem1pciogT1IgSXN0YW5idWwqIE9SIEtvbnlhKikpIEFORCBBRD0oYmFza2VudCB1bml2IFNBTUUgKEFua2FyYSkpKSBOT1QgQUQ9KGJhc2tlbnQgdW5pdiBTQU1FIChBZGFuYSBPUiBLb255YSBPUiBBbGFueWEgT1IgSXptaXIgT1IgSXN0YW5idWwpIFNBTUUgKChEaXMgaGVraW1saWdpIE9SIERlbnQqIE9SIE51cnNpbmcgT1IgUGVyaW9kb250b2wqICkpKVxuIn1d
Sadece dış merkez,( AD=(baskent univ SAME (Adana* OR Alanya* OR Izmir* OR Istanbul* OR Konya*) NOT (Ankara))) NOT AD=(baskent univ SAME (Adana OR Konya OR Alanya OR Izmir OR Istanbul) SAME ((Dis hekimligi OR Dent* OR Nursing OR Periodontol* ))),W3sidCI6IiggQUQ9KGJhc2tlbnQgdW5pdiBTQU1FIChBZGFuYSogT1IgQWxhbnlhKiBPUiBJem1pciogT1IgSXN0YW5idWwqIE9SIEtvbnlhKikgTk9UIChBbmthcmEpKSkgTk9UIEFEPShiYXNrZW50IHVuaXYgU0FNRSAoQWRhbmEgT1IgS29ueWEgT1IgQWxhbnlhIE9SIEl6bWlyIE9SIElzdGFuYnVsKSBTQU1FICgoRGlzIGhla2ltbGlnaSBPUiBEZW50KiBPUiBOdXJzaW5nIE9SIFBlcmlvZG9udG9sKiApKSlcbiJ9XQ
Sadece Ankara,( AD=(baskent univ SAME (Baskent Univ Hosp* OR Med OR Tip) ) NOT AD=(Adana OR Alanya* OR Izmir* OR Istanbul* OR Konya*)) NOT AD=(baskent univ SAME Ankara SAME ((Dis hekimligi OR Dent* OR Nursing OR Periodontol* ))),W3sidCI6IiggQUQ9KGJhc2tlbnQgdW5pdiBTQU1FIChCYXNrZW50IFVuaXYgSG9zcCogT1IgTWVkIE9SIFRpcCkgKSBOT1QgQUQ9KEFkYW5hIE9SIEFsYW55YSogT1IgSXptaXIqIE9SIElzdGFuYnVsKiBPUiBLb255YSopKSBOT1QgQUQ9KGJhc2tlbnQgdW5pdiBTQU1FIEFua2FyYSBTQU1FICgoRGlzIGhla2ltbGlnaSBPUiBEZW50KiBPUiBOdXJzaW5nIE9SIFBlcmlvZG9udG9sKiApKSlcbiJ9XQ
Sadece Adana,( AD=(baskent univ SAME (Adana*) ) NOT AD=(Ankara OR Alanya* OR Izmir* OR Istanbul* OR Konya*)) NOT AD=(baskent univ SAME (Adana OR Konya OR Alanya OR Izmir OR Istanbul) SAME ((Dis hekimligi OR Dent* OR Nursing OR Periodontol* ))),W3sidCI6IiggQUQ9KGJhc2tlbnQgdW5pdiBTQU1FIChBZGFuYSopICkgTk9UIEFEPShBbmthcmEgT1IgQWxhbnlhKiBPUiBJem1pciogT1IgSXN0YW5idWwqIE9SIEtvbnlhKikpIE5PVCBBRD0oYmFza2VudCB1bml2IFNBTUUgKEFkYW5hIE9SIEtvbnlhIE9SIEFsYW55YSBPUiBJem1pciBPUiBJc3RhbmJ1bCkgU0FNRSAoKERpcyBoZWtpbWxpZ2kgT1IgRGVudCogT1IgTnVyc2luZyBPUiBQZXJpb2RvbnRvbCogKSkpXG4ifV0
Adana'dan en az 1,( AD=(baskent univ SAME (Adana*) )) NOT AD=(Dis hekimligi OR Dent* OR Nursing OR Periodontol* ) OR (AD= baskent univ AND ((AU=Celik Husnu) OR (AU=Analan Pinar) OR (AU=Koc Zafer) OR (AU=Kozanoglu Ilknur) OR (AU=Aribogan A) OR (AU=Ozdogu Hakan) OR ((AU=Ozyilkan Ozgur) NOT PY=(2008 OR 2007 OR 2006 OR 2005 OR 2004 OR 2003 OR 2002)) OR (AU=Asma Suheyl) OR (AU=Kayaselcuk Fazilet) )),W3sidCI6IiggQUQ9KGJhc2tlbnQgdW5pdiBTQU1FIChBZGFuYSopICkpIE5PVCBBRD0oRGlzIGhla2ltbGlnaSBPUiBEZW50KiBPUiBOdXJzaW5nIE9SIFBlcmlvZG9udG9sKiApIE9SIChBRD0gYmFza2VudCB1bml2IEFORCAoKEFVPUNlbGlrIEh1c251KSBPUiAoQVU9QW5hbGFuIFBpbmFyKSBPUiAoQVU9S29jIFphZmVyKSBPUiAoQVU9S296YW5vZ2x1IElsa251cikgT1IgKEFVPUFyaWJvZ2FuIEEpIE9SIChBVT1PemRvZ3UgSGFrYW4pIE9SICgoQVU9T3p5aWxrYW4gT3pndXIpIE5PVCBQWT0oMjAwOCBPUiAyMDA3IE9SIDIwMDYgT1IgMjAwNSBPUiAyMDA0IE9SIDIwMDMgT1IgMjAwMikpIE9SIChBVT1Bc21hIFN1aGV5bCkgT1IgKEFVPUtheWFzZWxjdWsgRmF6aWxldCkgKSlcbiJ9XQ
Sadece Konya,( AD=(baskent univ SAME (Konya*) ) NOT AD=(Ankara OR Alanya* OR Izmir* OR Istanbul* OR Adana*)) NOT AD=(baskent univ SAME (Adana OR Konya OR Alanya OR Izmir OR Istanbul) SAME ((Dis hekimligi OR Dent* OR Nursing OR Periodontol* ))),W3sidCI6IiggQUQ9KGJhc2tlbnQgdW5pdiBTQU1FIChLb255YSopICkgTk9UIEFEPShBbmthcmEgT1IgQWxhbnlhKiBPUiBJem1pciogT1IgSXN0YW5idWwqIE9SIEFkYW5hKikpIE5PVCBBRD0oYmFza2VudCB1bml2IFNBTUUgKEFkYW5hIE9SIEtvbnlhIE9SIEFsYW55YSBPUiBJem1pciBPUiBJc3RhbmJ1bCkgU0FNRSAoKERpcyBoZWtpbWxpZ2kgT1IgRGVudCogT1IgTnVyc2luZyBPUiBQZXJpb2RvbnRvbCogKSkpXG4ifV0
Konya'dan en az 1,( AD=(baskent univ SAME (Konya*) )) NOT AD=(Dis hekimligi OR Dent* OR Nursing OR Periodontol* ),W3sidCI6IiggQUQ9KGJhc2tlbnQgdW5pdiBTQU1FIChLb255YSopICkpIE5PVCBBRD0oRGlzIGhla2ltbGlnaSBPUiBEZW50KiBPUiBOdXJzaW5nIE9SIFBlcmlvZG9udG9sKiApXG4ifV0
Sadece Alanya,( AD=(baskent univ SAME (Alanya*) ) NOT AD=(Ankara OR Konya* OR Izmir* OR Istanbul* OR Adana*)) NOT AD=(baskent univ SAME (Adana OR Konya OR Alanya OR Izmir OR Istanbul) SAME ((Dis hekimligi OR Dent* OR Nursing OR Periodontol* ))),W3sidCI6IiggQUQ9KGJhc2tlbnQgdW5pdiBTQU1FIChBbGFueWEqKSApIE5PVCBBRD0oQW5rYXJhIE9SIEtvbnlhKiBPUiBJem1pciogT1IgSXN0YW5idWwqIE9SIEFkYW5hKikpIE5PVCBBRD0oYmFza2VudCB1bml2IFNBTUUgKEFkYW5hIE9SIEtvbnlhIE9SIEFsYW55YSBPUiBJem1pciBPUiBJc3RhbmJ1bCkgU0FNRSAoKERpcyBoZWtpbWxpZ2kgT1IgRGVudCogT1IgTnVyc2luZyBPUiBQZXJpb2RvbnRvbCogKSkpXG4ifV0
Alanya'dan en az 1,( AD=(baskent univ SAME (Alanya*) )) NOT AD=(Dis hekimligi OR Dent* OR Nursing OR Periodontol* ),W3sidCI6IiggQUQ9KGJhc2tlbnQgdW5pdiBTQU1FIChBbGFueWEqKSApKSBOT1QgQUQ9KERpcyBoZWtpbWxpZ2kgT1IgRGVudCogT1IgTnVyc2luZyBPUiBQZXJpb2RvbnRvbCogKVxuIn1d
Sadece İzmir,( AD=(baskent univ SAME (Izmir*) ) NOT AD=(Ankara OR Konya* OR Alanya* OR Istanbul* OR Adana*)) NOT AD=(baskent univ SAME (Adana OR Konya OR Alanya OR Izmir OR Istanbul) SAME ((Dis hekimligi OR Dent* OR Nursing OR Periodontol* ))),W3sidCI6IiggQUQ9KGJhc2tlbnQgdW5pdiBTQU1FIChJem1pciopICkgTk9UIEFEPShBbmthcmEgT1IgS29ueWEqIE9SIEFsYW55YSogT1IgSXN0YW5idWwqIE9SIEFkYW5hKikpIE5PVCBBRD0oYmFza2VudCB1bml2IFNBTUUgKEFkYW5hIE9SIEtvbnlhIE9SIEFsYW55YSBPUiBJem1pciBPUiBJc3RhbmJ1bCkgU0FNRSAoKERpcyBoZWtpbWxpZ2kgT1IgRGVudCogT1IgTnVyc2luZyBPUiBQZXJpb2RvbnRvbCogKSkpXG4ifV0
İzmir'den en az 1,( AD=(baskent univ SAME (Izmir*) )) NOT AD=(Dis hekimligi OR Dent* OR Nursing OR Periodontol* ) OR (AD= baskent univ AND (AU=Yerli H)),W3sidCI6IiggQUQ9KGJhc2tlbnQgdW5pdiBTQU1FIChJem1pciopICkpIE5PVCBBRD0oRGlzIGhla2ltbGlnaSBPUiBEZW50KiBPUiBOdXJzaW5nIE9SIFBlcmlvZG9udG9sKiApIE9SIChBRD0gYmFza2VudCB1bml2IEFORCAoQVU9WWVybGkgSCkpXG4ifV0
Sadece İstanbul,( AD=(baskent univ SAME (Istanbul*) ) NOT AD=(Ankara OR Konya* OR Alanya* OR Izmir* OR Adana*)) NOT AD=(baskent univ SAME (Adana OR Konya OR Alanya OR Izmir OR Istanbul) SAME ((Dis hekimligi OR Dent* OR Nursing OR Periodontol* ))),W3sidCI6IiggQUQ9KGJhc2tlbnQgdW5pdiBTQU1FIChJc3RhbmJ1bCopICkgTk9UIEFEPShBbmthcmEgT1IgS29ueWEqIE9SIEFsYW55YSogT1IgSXptaXIqIE9SIEFkYW5hKikpIE5PVCBBRD0oYmFza2VudCB1bml2IFNBTUUgKEFkYW5hIE9SIEtvbnlhIE9SIEFsYW55YSBPUiBJem1pciBPUiBJc3RhbmJ1bCkgU0FNRSAoKERpcyBoZWtpbWxpZ2kgT1IgRGVudCogT1IgTnVyc2luZyBPUiBQZXJpb2RvbnRvbCogKSkpXG4ifV0
İstanbul'dan en az 1,( AD=(baskent univ SAME (Istanbul*) )) NOT AD=(Dis hekimligi OR Dent* OR Nursing OR Periodontol* ),W3sidCI6IiggQUQ9KGJhc2tlbnQgdW5pdiBTQU1FIChJc3RhbmJ1bCopICkpIE5PVCBBRD0oRGlzIGhla2ltbGlnaSBPUiBEZW50KiBPUiBOdXJzaW5nIE9SIFBlcmlvZG9udG9sKiApXG4ifV0
Adana'dan ama Adana kelimesi vurgulanmamış (2018-2019),( AD=(baskent univ) AND UT= (WOS:000479908700001 OR WOS:000477120700001 OR WOS:000469489000001 OR WOS:000463601000020 OR WOS:000461504500008 OR WOS:000441120900016 OR WOS:000435797600021 OR WOS:000439016200006 OR WOS:000427466800026 OR WOS:000428576300034 OR WOS:000423390600008 OR WOS:000416677900012 OR WOS:000427407200003 OR WOS:000431094400010)),W3sidCI6IiggQUQ9KGJhc2tlbnQgdW5pdikgQU5EIFVUPSAoV09TOjAwMDQ3OTkwODcwMDAwMSBPUiBXT1M6MDAwNDc3MTIwNzAwMDAxIE9SIFdPUzowMDA0Njk0ODkwMDAwMDEgT1IgV09TOjAwMDQ2MzYwMTAwMDAyMCBPUiBXT1M6MDAwNDYxNTA0NTAwMDA4IE9SIFdPUzowMDA0NDExMjA5MDAwMTYgT1IgV09TOjAwMDQzNTc5NzYwMDAyMSBPUiBXT1M6MDAwNDM5MDE2MjAwMDA2IE9SIFdPUzowMDA0Mjc0NjY4MDAwMjYgT1IgV09TOjAwMDQyODU3NjMwMDAzNCBPUiBXT1M6MDAwNDIzMzkwNjAwMDA4IE9SIFdPUzowMDA0MTY2Nzc5MDAwMTIgT1IgV09TOjAwMDQyNzQwNzIwMDAwMyBPUiBXT1M6MDAwNDMxMDk0NDAwMDEwKSlcbiJ9XQ
